"InChIKey","ClassyFy Status","Kingdom","Superclass","Class","Subclass","Parent Level 1","Parent Level 2","Parent Level 3","Parent Level 4","Parent Level 5","Parent Level 6"
"KKAHGSQLSTUDAV-UHFFFAOYSA-N","Completed","Organic compounds","Lipids and lipid-like molecules","Fatty Acyls","Fatty acids and conjugates","Straight chain fatty acids"
"NQRYJNQNLNOLGT-UHFFFAOYSA-N","Completed","Organic compounds","Organoheterocyclic compounds","Piperidines","","Piperidines"
"KIDHWZJUCRJVML-UHFFFAOYSA-N","Completed","Organic compounds","Organic nitrogen compounds","Organonitrogen compounds","Amines","Primary amines","Monoalkylamines"
"VMEHOTODTPXCKT-RXMQYKEDSA-N","Completed","Organic compounds","Organic oxygen compounds","Organooxygen compounds","Alcohols and polyols","Tertiary alcohols"
"WRWYFGABSVACHP-UHFFFAOYSA-N","Failed","","","","",""
"VHRGRCVQAFMJIZ-UHFFFAOYSA-N","Completed","Organic compounds","Organic nitrogen compounds","Organonitrogen compounds","Amines","Primary amines","Monoalkylamines"
"PPBRXRYQALVLMV-UHFFFAOYSA-N","Completed","Organic compounds","Benzenoids","Benzene and substituted derivatives","Styrenes","Styrenes"
"OJQNRNQELNLWHH-UHFFFAOYSA-N","Completed","Organic compounds","Organic acids and derivatives","Carboxylic acids and derivatives","Amino acids, peptides, and analogues","Amino acids and derivatives","Beta amino acids and derivatives"
"UQBOJOOOTLPNST-UHFFFAOYSA-N","Completed","Organic compounds","Organic acids and derivatives","Carboxylic acids and derivatives","Amino acids, peptides, and analogues","Amino acids and derivatives","Alpha amino acids and derivatives","Alpha amino acids"
"CDAWCLOXVUBKRW-UHFFFAOYSA-N","Completed","Organic compounds","Benzenoids","Benzene and substituted derivatives","Aniline and substituted anilines","Aniline and substituted anilines"
"YCIMNLLNPGFGHC-UHFFFAOYSA-N","Completed","Organic compounds","Benzenoids","Phenols","Benzenediols","Catechols"
"JBKVHLHDHHXQEQ-UHFFFAOYSA-N","Completed","Organic compounds","Organoheterocyclic compounds","Lactams","Caprolactams","Caprolactams"
"ONIBWKKTOPOVIA-BYPYZUCNSA-N","Completed","Organic compounds","Organic acids and derivatives","Carboxylic acids and derivatives","Amino acids, peptides, and analogues","Amino acids and derivatives","Alpha amino acids and derivatives","Proline and derivatives"
"KZSNJWFQEVHDMF-BYPYZUCNSA-N","Completed","Organic compounds","Organic acids and derivatives","Carboxylic acids and derivatives","Amino acids, peptides, and analogues","Amino acids and derivatives","Alpha amino acids and derivatives","Valine and derivatives"
"OGNSCSPNOLGXSM-VKHMYHEASA-N","Completed","Organic compounds","Organic acids and derivatives","Carboxylic acids and derivatives","Amino acids, peptides, and analogues","Amino acids and derivatives","Alpha amino acids and derivatives","Alpha amino acids","L-alpha-amino acids"
"AYFVYJQAPQTCCC-GBXIJSLDSA-N","Completed","Organic compounds","Organic acids and derivatives","Carboxylic acids and derivatives","Amino acids, peptides, and analogues","Amino acids and derivatives","Alpha amino acids and derivatives","Alpha amino acids","L-alpha-amino acids"
"DTUQWGWMVIHBKE-UHFFFAOYSA-N","Completed","Organic compounds","Benzenoids","Benzene and substituted derivatives","Phenylacetaldehydes","Phenylacetaldehydes"
"BHHGXPLMPWCGHP-UHFFFAOYSA-N","Completed","Organic compounds","Benzenoids","Benzene and substituted derivatives","Phenethylamines","Phenethylamines"
"WPYMKLBDIGXBTP-UHFFFAOYSA-M","Completed","Organic compounds","Benzenoids","Benzene and substituted derivatives","Benzoic acids and derivatives","Benzoic acids"
"PVNIIMVLHYAWGP-UHFFFAOYSA-M","Completed","Organic compounds","Organoheterocyclic compounds","Pyridines and derivatives","Pyridinecarboxylic acids and derivatives","Pyridinecarboxylic acids"
"SZBGXBOFCGNPEU-UHFFFAOYSA-N","Completed","Organic compounds","Organic oxygen compounds","Organooxygen compounds","Carbonyl compounds","Aldehydes","Alpha-hydrogen aldehydes"
"XOAAWQZATWQOTB-UHFFFAOYSA-N","Completed","Organic compounds","Organic acids and derivatives","Organic sulfonic acids and derivatives","Organosulfonic acids and derivatives","Organosulfonic acids"
"RWQNBRDOKXIBIV-UHFFFAOYSA-N","Completed","Organic compounds","Organoheterocyclic compounds","Diazines","Pyrimidines and pyrimidine derivatives","Hydroxypyrimidines"
"CSDPVAKVEWETFG-YFKPBYRVSA-N","Completed","Organic compounds","Organic acids and derivatives","Carboxylic acids and derivatives","Amino acids, peptides, and analogues","Amino acids and derivatives","Alpha amino acids and derivatives"
"VPGPQVKJUYKKNN-AWYLAFAOSA-N","Completed","Organic compounds","Lipids and lipid-like molecules","Fatty Acyls","Fatty acids and conjugates","Medium-chain fatty acids"
"HFXAFXVXPMUQCQ-BYPYZUCNSA-N","Completed","Organic compounds","Organic acids and derivatives","Carboxylic acids and derivatives","Amino acids, peptides, and analogues","Amino acids and derivatives","Alpha amino acids and derivatives","Proline and derivatives"
"VCOFTLCIPLEZKE-UHFFFAOYSA-N","Completed","Organic compounds","Organic oxygen compounds","Organooxygen compounds","Carbonyl compounds","Aldehydes","Alpha-hydrogen aldehydes"
"KLZGKIDSEJWEDW-UHFFFAOYSA-N","Completed","Organic compounds","Organic acids and derivatives","Carboximidic acids and derivatives","Carboximidic acids","Carboximidic acids"
"ROHFNLRQFUQHCH-YFKPBYRVSA-N","Completed","Organic compounds","Organic acids and derivatives","Carboxylic acids and derivatives","Amino acids, peptides, and analogues","Amino acids and derivatives","Alpha amino acids and derivatives","Leucine and derivatives"
"DCXYFEDJOCDNAF-REOHCLBHSA-N","Completed","Organic compounds","Organic acids and derivatives","Carboxylic acids and derivatives","Amino acids, peptides, and analogues","Amino acids and derivatives","Alpha amino acids and derivatives","Asparagine and derivatives"
"CKLJMWTZIZZHCS-REOHCLBHSA-N","Completed","Organic compounds","Organic acids and derivatives","Carboxylic acids and derivatives","Amino acids, peptides, and analogues","Amino acids and derivatives","Alpha amino acids and derivatives","Aspartic acid and derivatives"
"NNICRUQPODTGRU-UHFFFAOYSA-N","Completed","Organic compounds","Benzenoids","Benzene and substituted derivatives","","Benzene and substituted derivatives"
"PXEKBQAJOBYINU-BYPYZUCNSA-N","Completed","Organic compounds","Organic acids and derivatives","Carboxylic acids and derivatives","Amino acids, peptides, and analogues","Amino acids and derivatives","Alpha amino acids and derivatives","Valine and derivatives"
"FFFHZYDWPBMWHY-VKHMYHEASA-N","Completed","Organic compounds","Organic acids and derivatives","Carboxylic acids and derivatives","Amino acids, peptides, and analogues","Amino acids and derivatives","Alpha amino acids and derivatives","Alpha amino acids","L-alpha-amino acids"
"LSBDFXRDZJMBSC-UHFFFAOYSA-N","Completed","Organic compounds","Benzenoids","Benzene and substituted derivatives","Phenylacetamides","Phenylacetamides"
"FDGQSTZJBFJUBT-UHFFFAOYSA-N","Completed","Organic compounds","Organoheterocyclic compounds","Imidazopyrimidines","Purines and purine derivatives","Purinones","Hypoxanthines"
"RWZYAGGXGHYGMB-UHFFFAOYSA-N","Completed","Organic compounds","Benzenoids","Benzene and substituted derivatives","Benzoic acids and derivatives","Aminobenzoic acids and derivatives","Aminobenzoic acids"
"LOIYMIARKYCTBW-OWOJBTEDSA-N","Completed","Organic compounds","Organoheterocyclic compounds","Azoles","Imidazoles","Substituted imidazoles","Imidazolyl carboxylic acids and derivatives"
"BLHCMGRVFXRYRN-UHFFFAOYSA-N","Completed","Organic compounds","Organoheterocyclic compounds","Pyridines and derivatives","Pyridinecarboxylic acids and derivatives","Pyridinecarboxylic acids"
"QQXLDOJGLXJCSE-UHFFFAOYSA-N","Completed","Organic compounds","Alkaloids and derivatives","Tropane alkaloids","","Tropane alkaloids"
"CYHOMWAPJJPNMW-UHFFFAOYSA-N","Completed","Organic compounds","Alkaloids and derivatives","Tropane alkaloids","","Tropane alkaloids"
"BKAWJIRCKVUVED-UHFFFAOYSA-N","Completed","Organic compounds","Organoheterocyclic compounds","Azoles","Thiazoles","4,5-disubstituted thiazoles"
"RUFPHBVGCFYCNW-UHFFFAOYSA-N","Completed","Organic compounds","Benzenoids","Naphthalenes","","Naphthalenes"
"GUYHPGUANSLONG-SNAWJCMRSA-N","Completed","Organic compounds","Lipids and lipid-like molecules","Fatty Acyls","Fatty acids and conjugates","Straight chain fatty acids"
"CGBYBGVMDAPUIH-ARJAWSKDSA-N","Completed","Organic compounds","Lipids and lipid-like molecules","Fatty Acyls","Fatty acids and conjugates","Branched fatty acids","Methyl-branched fatty acids"
"TUHVEAJXIMEOSA-UHFFFAOYSA-N","Completed","Organic compounds","Organic acids and derivatives","Carboxylic acids and derivatives","Amino acids, peptides, and analogues","Amino acids and derivatives","Gamma amino acids and derivatives"
"ATHGHQPFGPMSJY-UHFFFAOYSA-N","Completed","Organic compounds","Organic nitrogen compounds","Organonitrogen compounds","Amines","Secondary amines","Dialkylamines"
"KDXKERNSBIXSRK-YFKPBYRVSA-N","Completed","Organic compounds","Organic acids and derivatives","Carboxylic acids and derivatives","Amino acids, peptides, and analogues","Amino acids and derivatives","Alpha amino acids and derivatives","Alpha amino acids","L-alpha-amino acids"
"WHUUTDBJXJRKMK-VKHMYHEASA-N","Completed","Organic compounds","Organic acids and derivatives","Carboxylic acids and derivatives","Amino acids, peptides, and analogues","Amino acids and derivatives","Alpha amino acids and derivatives","Glutamic acid and derivatives"
"WBYWAXJHAXSJNI-VOTSOKGWSA-N","Completed","Organic compounds","Phenylpropanoids and polyketides","Cinnamic acids and derivatives","Cinnamic acids","Cinnamic acids"
"FFEARJCKVFRZRR-BYPYZUCNSA-N","Completed","Organic compounds","Organic acids and derivatives","Carboxylic acids and derivatives","Amino acids, peptides, and analogues","Amino acids and derivatives","Alpha amino acids and derivatives","Methionine and derivatives"
"UYTPUPDQBNUYGX-UHFFFAOYSA-N","Completed","Organic compounds","Organoheterocyclic compounds","Imidazopyrimidines","Purines and purine derivatives","Purines and purine derivatives"
"AXVZFRBSCNEKPQ-UHFFFAOYSA-N","Completed","Organic compounds","Benzenoids","Benzene and substituted derivatives","Phenethylamines","Phenethylamines"
"LRFVTYWOQMYALW-UHFFFAOYSA-N","Completed","Organic compounds","Organoheterocyclic compounds","Imidazopyrimidines","Purines and purine derivatives","Xanthines"
"WJXSWCUQABXPFS-UHFFFAOYSA-N","Completed","Organic compounds","Benzenoids","Benzene and substituted derivatives","Benzoic acids and derivatives","Hydroxybenzoic acid derivatives"
"YANFYYGANIYHGI-UHFFFAOYSA-N","Completed","Organic compounds","Organic acids and derivatives","Carboximidic acids and derivatives","Carboximidic acids","Isoureas"
"ZUOUZKKEUPVFJK-UHFFFAOYSA-N","Completed","Organic compounds","Benzenoids","Benzene and substituted derivatives","Biphenyls and derivatives","Biphenyls and derivatives"
"HNDVDQJCIGZPNO-YFKPBYRVSA-N","Completed","Organic compounds","Organic acids and derivatives","Carboxylic acids and derivatives","Amino acids, peptides, and analogues","Amino acids and derivatives","Alpha amino acids and derivatives","Histidine and derivatives"
"KIIBBJKLKFTNQO-WHFBIAKZSA-N","Completed","Organic compounds","Organic acids and derivatives","Carboxylic acids and derivatives","Amino acids, peptides, and analogues","Amino acids and derivatives","Alpha amino acids and derivatives","Alpha amino acids","L-alpha-amino acids"
"XMGQYMWWDOXHJM-SNVBAGLBSA-N","Completed","Organic compounds","Lipids and lipid-like molecules","Prenol lipids","Monoterpenoids","Menthane monoterpenoids"
"TZZSWAXSIGWXOS-UHFFFAOYSA-N","Completed","Organic compounds","Lipids and lipid-like molecules","Fatty Acyls","Fatty acids and conjugates","Straight chain fatty acids"
"APJYDQYYACXCRM-UHFFFAOYSA-N","Completed","Organic compounds","Organoheterocyclic compounds","Indoles and derivatives","Tryptamines and derivatives","Tryptamines and derivatives"
"PYELIMVFIITPER-UHFFFAOYSA-N","Completed","Organic compounds","Organoheterocyclic compounds","Quinolines and derivatives","Quinolones and derivatives","Hydroxyquinolones"
"PHIQHXFUZVPYII-ZCFIWIBFSA-N","Completed","Organic compounds","Organic nitrogen compounds","Organonitrogen compounds","Quaternary ammonium salts","Carnitines"
"XCHBYBKNFIOSBB-UHFFFAOYSA-N","Completed","Organic compounds","Organoheterocyclic compounds","Indoles and derivatives","Indolines","Indolines"
"WJOBFSVTSCWIDG-JTQLQIEISA-N","Completed","Organic compounds","Benzenoids","Benzene and substituted derivatives","Phenylpropanes","Phenylpropanes"
"BTNMPGBKDVTSJY-UHFFFAOYSA-N","Completed","Organic compounds","Benzenoids","Benzene and substituted derivatives","Phenylpyruvic acid derivatives","Phenylpyruvic acid derivatives"
"COLNVLDHVKWLRT-QMMMGPOBSA-N","Completed","Organic compounds","Organic acids and derivatives","Carboxylic acids and derivatives","Amino acids, peptides, and analogues","Amino acids and derivatives","Alpha amino acids and derivatives","Phenylalanine and derivatives"
"JWAZRIHNYRIHIV-UHFFFAOYSA-N","Completed","Organic compounds","Benzenoids","Naphthalenes","Naphthols and derivatives","Naphthols and derivatives"
"QXKAIJAYHKCRRA-FLRLBIABSA-M","Completed","Organic compounds","Organic oxygen compounds","Organooxygen compounds","Carbohydrates and carbohydrate conjugates","Sugar acids and derivatives"
"RADKZDMFGJYCBB-UHFFFAOYSA-N","Completed","Organic compounds","Organoheterocyclic compounds","Pyridines and derivatives","Pyridine carboxaldehydes","Pyridoxals and derivatives"
"DIVQKHQLANKJQO-UHFFFAOYSA-N","Completed","Organic compounds","Benzenoids","Phenols","Methoxyphenols","Methoxyphenols"
"IGMNYECMUMZDDF-UHFFFAOYSA-N","Completed","Organic compounds","Benzenoids","Benzene and substituted derivatives","Phenylacetic acids","2(hydroxyphenyl)acetic acids"
"KNFFJJFEYQLINT-UHFFFAOYSA-N","Completed","Organic compounds","Organic nitrogen compounds","Organonitrogen compounds","Oximes","Aldoximes"
"CXMBCXQHOXUCEO-BYPYZUCNSA-N","Completed","Organic compounds","Organic acids and derivatives","Carboxylic acids and derivatives","Amino acids, peptides, and analogues","Amino acids and derivatives","Alpha amino acids and derivatives"
"GSEJCLTVZPLZKY-UHFFFAOYSA-N","Completed","Organic compounds","Organic nitrogen compounds","Organonitrogen compounds","Amines","Alkanolamines","1,2-aminoalcohols"
"MJVAVZPDRWSRRC-UHFFFAOYSA-N","Completed","Organic compounds","Benzenoids","Naphthalenes","Naphthoquinones","Naphthoquinones"
"RJKGJBPXVHTNJL-UHFFFAOYSA-N","Completed","Organic compounds","Benzenoids","Naphthalenes","Nitronaphthalenes","Nitronaphthalenes"
"RFMMMVDNIPUKGG-YFKPBYRVSA-N","Completed","Organic compounds","Organic acids and derivatives","Carboxylic acids and derivatives","Amino acids, peptides, and analogues","Amino acids and derivatives","Alpha amino acids and derivatives","Glutamic acid and derivatives"
"ARBHXJXXVVHMET-UHFFFAOYSA-M","Completed","Organic compounds","Organic acids and derivatives","Keto acids and derivatives","Short-chain keto acids and derivatives","Short-chain keto acids and derivatives"
"GLVAUDGFNGKCSF-UHFFFAOYSA-N","Completed","Organic compounds","Organoheterocyclic compounds","Imidazopyrimidines","Purines and purine derivatives","Purinethiones"
"NRXIKWMTVXPVEF-BYPYZUCNSA-N","Completed","Organic compounds","Organic acids and derivatives","Carboxylic acids and derivatives","Amino acids, peptides, and analogues","Amino acids and derivatives","Alpha amino acids and derivatives","Glutamic acid and derivatives"
"JRLGPAXAGHMNOL-LURJTMIESA-N","Completed","Organic compounds","Organic acids and derivatives","Carboxylic acids and derivatives","Amino acids, peptides, and analogues","Amino acids and derivatives","Alpha amino acids and derivatives","N-acyl-alpha amino acids and derivatives","N-acyl-alpha amino acids","N-acyl-L-alpha-amino acids"
"ODKSFYDXXFIFQN-BYPYZUCNSA-N","Completed","Organic compounds","Organic acids and derivatives","Carboxylic acids and derivatives","Amino acids, peptides, and analogues","Amino acids and derivatives","Alpha amino acids and derivatives","Alpha amino acids","L-alpha-amino acids"
"RHGKLRLOHDJJDR-BYPYZUCNSA-N","Completed","Organic compounds","Organic acids and derivatives","Carboxylic acids and derivatives","Amino acids, peptides, and analogues","Amino acids and derivatives","Alpha amino acids and derivatives","Alpha amino acids","L-alpha-amino acids"
"LLTRNSKZFVUNLQ-VQHVLOKHSA-N","Completed","Organic compounds","Organic nitrogen compounds","Organonitrogen compounds","Oximes","Aldoximes"
"PYUSHNKNPOHWEZ-YFKPBYRVSA-N","Completed","Organic compounds","Organic acids and derivatives","Carboxylic acids and derivatives","Amino acids, peptides, and analogues","Amino acids and derivatives","Alpha amino acids and derivatives","Methionine and derivatives"
"JTTHKOPSMAVJFE-VIFPVBQESA-N","Completed","Organic compounds","Organic acids and derivatives","Carboxylic acids and derivatives","Amino acids, peptides, and analogues","Amino acids and derivatives","Alpha amino acids and derivatives","Alpha amino acids","L-alpha-amino acids"
"KKADPXVIOXHVKN-UHFFFAOYSA-M","Completed","Organic compounds","Benzenoids","Benzene and substituted derivatives","Phenylpyruvic acid derivatives","Phenylpyruvic acid derivatives"
"ODOPEICAGBYCFH-UHFFFAOYSA-N","Completed","Organic compounds","Organic oxygen compounds","Organooxygen compounds","Carbonyl compounds","Ketones","Aryl ketones","Phenylketones","Alkyl-phenylketones"
"OUYCCCASQSFEME-QMMMGPOBSA-N","Completed","Organic compounds","Organic acids and derivatives","Carboxylic acids and derivatives","Amino acids, peptides, and analogues","Amino acids and derivatives","Alpha amino acids and derivatives","Tyrosine and derivatives"
"RSJCPOVKDYSWAP-UHFFFAOYSA-N","Completed","Organic compounds","Benzenoids","Phenols","Benzenetriols and derivatives","Hydroxyquinols and derivatives"
"FBPFZTCFMRRESA-KVTDHHQDSA-N","Completed","Organic compounds","Organic oxygen compounds","Organooxygen compounds","Carbohydrates and carbohydrate conjugates","Sugar alcohols"
"LLRWRZXFCFYZCL-UHFFFAOYSA-N","Completed","Organic compounds","Benzenoids","Benzene and substituted derivatives","Biphenyls and derivatives","Biphenyls and derivatives"
"UCTWMZQNUQWSLP-VIFPVBQESA-N","Completed","Organic compounds","Benzenoids","Phenols","Benzenediols","Catechols"
"LTQYPAVLAYVKTK-UHFFFAOYSA-N","Completed","Organic compounds","Organoheterocyclic compounds","Imidazopyrimidines","Purines and purine derivatives","Xanthines"
"NFBOHOGPQUYFRF-UHFFFAOYSA-N","Completed","Organic compounds","Organoheterocyclic compounds","Benzodioxins","Benzo-p-dioxins","Dibenzo-p-dioxins"
"BZQFBWGGLXLEPQ-REOHCLBHSA-N","Completed","Organic compounds","Organic acids and derivatives","Carboxylic acids and derivatives","Amino acids, peptides, and analogues","Amino acids and derivatives","Alpha amino acids and derivatives","Alpha amino acids","L-alpha-amino acids"
"QXQNRSUOYNMXDL-KGJVWPDLSA-N","Completed","Organic compounds","Organic oxygen compounds","Organooxygen compounds","Alcohols and polyols","Cyclic alcohols and derivatives","Cyclitols and derivatives","Aminocyclitols and derivatives","Aminocyclitols"
"MYVLYOJYVMLSFA-UHFFFAOYSA-N","Completed","Organic compounds","Benzenoids","Benzene and substituted derivatives","Biphenyls and derivatives","Biphenyls and derivatives"
"YKOQAAJBYBTSBS-UHFFFAOYSA-N","Completed","Organic compounds","Benzenoids","Benzene and substituted derivatives","Biphenyls and derivatives","Biphenyls and derivatives"
"KWGRBVOPPLSCSI-WPRPVWTQSA-N","Completed","Organic compounds","Benzenoids","Benzene and substituted derivatives","Phenylpropanes","Phenylpropanes"
"UIJIQXGRFSPYQW-UHFFFAOYSA-N","Completed","Organic compounds","Organoheterocyclic compounds","Imidazopyrimidines","Purines and purine derivatives","6-thiopurines"
"DTERQYGMUDWYAZ-ZETCQYMHSA-N","Completed","Organic compounds","Organic acids and derivatives","Carboxylic acids and derivatives","Amino acids, peptides, and analogues","Amino acids and derivatives","Alpha amino acids and derivatives","Alpha amino acids","L-alpha-amino acids"
"KCEGBPIYGIWCDH-UHFFFAOYSA-N","Completed","Organic compounds","Lipids and lipid-like molecules","Fatty Acyls","Fatty acids and conjugates","Medium-chain fatty acids"
"GJAWHXHKYYXBSV-UHFFFAOYSA-N","Completed","Organic compounds","Organoheterocyclic compounds","Pyridines and derivatives","Pyridinecarboxylic acids and derivatives","Pyridinecarboxylic acids"
"GMKMEZVLHJARHF-WHFBIAKZSA-N","Completed","Organic compounds","Organic acids and derivatives","Carboxylic acids and derivatives","Amino acids, peptides, and analogues","Amino acids and derivatives","Alpha amino acids and derivatives","Alpha amino acids"
"DUUGKQCEGZLZNO-UHFFFAOYSA-N","Completed","Organic compounds","Organoheterocyclic compounds","Indoles and derivatives","Indolyl carboxylic acids and derivatives","Indole-3-acetic acid derivatives"
"PREUOUJFXMCMSJ-TXFIJWAUSA-N","Completed","Organic compounds","Lipids and lipid-like molecules","Prenol lipids","Monoterpenoids","Acyclic monoterpenoids"
"UTYVDVLMYQPLQB-UHFFFAOYSA-N","Completed","Organic compounds","Organic acids and derivatives","Carboxylic acids and derivatives","Amino acids, peptides, and analogues","Amino acids and derivatives","Alpha amino acids and derivatives","N-acyl-alpha amino acids and derivatives","N-acyl-alpha amino acids"
"AHMIDUVKSGCHAU-LURJTMIESA-N","Completed","Organic compounds","Organic acids and derivatives","Carboxylic acids and derivatives","Amino acids, peptides, and analogues","Amino acids and derivatives","Alpha amino acids and derivatives","Alpha amino acids"
"BPBDZXFJDMJLIB-UHFFFAOYSA-N","Failed","","","","",""
"SEOVTRFCIGRIMH-UHFFFAOYSA-M","Completed","Organic compounds","Organoheterocyclic compounds","Indoles and derivatives","Indolyl carboxylic acids and derivatives","Indole-3-acetic acid derivatives"
"WTDRDQBEARUVNC-LURJTMIESA-N","Completed","Organic compounds","Organic acids and derivatives","Carboxylic acids and derivatives","Amino acids, peptides, and analogues","Amino acids and derivatives","Alpha amino acids and derivatives","Tyrosine and derivatives"
"GPPYTCRVKHULJH-QMMMGPOBSA-N","Completed","Organic compounds","Organic acids and derivatives","Carboxylic acids and derivatives","Amino acids, peptides, and analogues","Amino acids and derivatives","Alpha amino acids and derivatives","Histidine and derivatives"
"VQPVVWAFTIFKDD-LURJTMIESA-N","Completed","Organic compounds","Organic acids and derivatives","Carboxylic acids and derivatives","Amino acids, peptides, and analogues","Amino acids and derivatives","Alpha amino acids and derivatives","Glutamine and derivatives"
"PHMBVCPLDPDESM-FKSUSPILSA-N","Completed","Organic compounds","Alkaloids and derivatives","Tropane alkaloids","","Tropane alkaloids"
"WQZGKKKJIJFFOK-GASJEMHNSA-N","Completed","Organic compounds","Organic oxygen compounds","Organooxygen compounds","Carbohydrates and carbohydrate conjugates","Monosaccharides","Hexoses"
"QIVBCDIJIAJPQS-VIFPVBQESA-N","Completed","Organic compounds","Organoheterocyclic compounds","Indoles and derivatives","Indolyl carboxylic acids and derivatives","Indolyl carboxylic acids and derivatives"
"YXKGOSZASIKYPU-ZETCQYMHSA-N","Completed","Organic compounds","Organic acids and derivatives","Carboxylic acids and derivatives","Amino acids, peptides, and analogues","Amino acids and derivatives","Alpha amino acids and derivatives","Alpha amino acids","L-alpha-amino acids"
"YONHOSLUBQJXPR-NFAWXSAZSA-N","Completed","Organic compounds","Lipids and lipid-like molecules","Prenol lipids","Sesquiterpenoids","Eremophilane, 8,9-secoeremophilane and furoeremophilane sesquiterpenoids"
"XGILAAMKEQUXLS-UHFFFAOYSA-N","Completed","Organic compounds","Organoheterocyclic compounds","Indoles and derivatives","Indolyl carboxylic acids and derivatives","Indolyl carboxylic acids and derivatives"
"WRMRXPASUROZGT-UHFFFAOYSA-N","Completed","Organic compounds","Organic acids and derivatives","Carboxylic acids and derivatives","Amino acids, peptides, and analogues","Amino acids and derivatives","Alpha amino acids and derivatives","Alpha amino acid amides"
"CAOVWYZQMPNAFJ-UHFFFAOYSA-N","Completed","Organic compounds","Organic oxygen compounds","Organooxygen compounds","Carbonyl compounds","Ketones","Aryl ketones","Phenylketones","Alkyl-phenylketones"
"CBQJSKKFNMDLON-JTQLQIEISA-N","Completed","Organic compounds","Organic acids and derivatives","Carboxylic acids and derivatives","Amino acids, peptides, and analogues","Amino acids and derivatives","Alpha amino acids and derivatives","Phenylalanine and derivatives"
"YGPSJZOEDVAXAB-QMMMGPOBSA-N","Completed","Organic compounds","Organic oxygen compounds","Organooxygen compounds","Carbonyl compounds","Ketones","Aryl ketones","Phenylketones","Alkyl-phenylketones"
"CPPDWYIPKSSNNM-UHFFFAOYSA-N","Completed","Organic compounds","Organic acids and derivatives","Carboxylic acids and derivatives","Amino acids, peptides, and analogues","Amino acids and derivatives","Alpha amino acids and derivatives","N-acyl-alpha amino acids and derivatives","N-acyl-alpha amino acids"
"GUAHPAJOXVYFON-UHFFFAOYSA-N","Completed","Organic compounds","Lipids and lipid-like molecules","Fatty Acyls","Fatty acids and conjugates","Medium-chain fatty acids"
"JJJLAXLRPLCXNT-UHFFFAOYSA-N","Completed","Organic compounds","Organic oxygen compounds","Organooxygen compounds","Carbonyl compounds","Ketones","Aryl ketones","Aryl alkyl ketones"
"WREGKURFCTUGRC-POYBYMJQSA-N","Completed","Organic compounds","Nucleosides, nucleotides, and analogues","Pyrimidine nucleosides","Pyrimidine 2',3'-dideoxyribonucleosides","Pyrimidine 2',3'-dideoxyribonucleosides"
"VEQHFFBTDDJPQG-KLXURFKVSA-N","Failed","","","","",""
"RILHUWWTCSDPAN-PHDIDXHHSA-N","Completed","Organic compounds","Organic acids and derivatives","Hydroxy acids and derivatives","Beta hydroxy acids and derivatives","Beta hydroxy acids and derivatives"
"FOTICWSJABVKPW-JSGCOSHPSA-N","Completed","Organic compounds","Benzenoids","Phenanthrenes and derivatives","Phenanthrols","Phenanthrols"
"UKDJCWUSWYBRDM-UHFFFAOYSA-N","Completed","Organic compounds","Organic acids and derivatives","Carboxylic acids and derivatives","Amino acids, peptides, and analogues","Amino acids and derivatives","Alpha amino acids and derivatives","Alpha amino acids"
"QYFQSQCBYZOECM-UHFFFAOYSA-N","Completed","Organic compounds","Organoheterocyclic compounds","Quinolines and derivatives","","Quinolines and derivatives"
"AUTOLBMXDDTRRT-JGVFFNPUSA-N","Completed","Organic compounds","Lipids and lipid-like molecules","Fatty Acyls","Fatty acids and conjugates","Medium-chain fatty acids"
"MXWJVTOOROXGIU-UHFFFAOYSA-N","Completed","Organic compounds","Organoheterocyclic compounds","Triazines","1,3,5-triazines","Halo-S-triazines","Chloro-s-triazines"
"WHGVLEMQINVDLH-UPHRSURJSA-N","Completed","Organic compounds","Organic acids and derivatives","Carboxylic acids and derivatives","Tricarboxylic acids and derivatives","Tricarboxylic acids and derivatives"
"JZNLEPLZUABCSQ-ZETCQYMHSA-N","Completed","Organic compounds","Organic acids and derivatives","Carboxylic acids and derivatives","Amino acids, peptides, and analogues","Amino acids and derivatives","Alpha amino acids and derivatives","Glutamine and derivatives"
"VSANSNPZLCXLRK-UHFFFAOYSA-N","Completed","Organic compounds","Organoheterocyclic compounds","Indoles and derivatives","Indoles","3-alkylindoles"
"LQQFFJFGLSKYIR-UHFFFAOYSA-M","Completed","Organic compounds","Benzenoids","Benzene and substituted derivatives","Phenylpyruvic acid derivatives","Phenylpyruvic acid derivatives"
"ZZYYVZYAZCMNPG-RQJHMYQMSA-N","Completed","Organic compounds","Organic acids and derivatives","Carboxylic acids and derivatives","Amino acids, peptides, and analogues","Amino acids and derivatives","Alpha amino acids and derivatives","Alanine and derivatives"
"UZKQTCBAMSWPJD-FARCUNLSSA-N","Completed","Organic compounds","Organoheterocyclic compounds","Imidazopyrimidines","Purines and purine derivatives","6-aminopurines","6-alkylaminopurines"
"GACSIVHAIFQKTC-UPHRSURJSA-N","Completed","Organic compounds","Organic acids and derivatives","Keto acids and derivatives","Medium-chain keto acids and derivatives","Medium-chain keto acids and derivatives"
"YITCMQBVWIHTTA-UHFFFAOYSA-N","Completed","Organic compounds","Organic acids and derivatives","Carboxylic acids and derivatives","Amino acids, peptides, and analogues","Amino acids and derivatives","Alpha amino acids and derivatives","Alpha amino acid amides"
"UQVKZNNCIHJZLS-UHFFFAOYSA-N","Completed","Organic compounds","Organoheterocyclic compounds","Pyridines and derivatives","Phenylpyridines","Phenylpyridines"
"OIUJHGOLFKDBSU-HTQZYQBOSA-N","Completed","Organic compounds","Organic acids and derivatives","Carboxylic acids and derivatives","Dicarboxylic acids and derivatives","Dicarboxylic acids and derivatives"
"ZDEMEBJTHIDHSF-UHFFFAOYSA-N","Completed","Organic compounds","Organoheterocyclic compounds","Pyridines and derivatives","","Pyridines and derivatives"
"RDZNZFGKEVDNPK-UHFFFAOYSA-N","Completed","Organic compounds","Organoheterocyclic compounds","Diazines","Pyrimidines and pyrimidine derivatives","Hydroxypyrimidines"
"QSHWIQZFGQKFMA-UHFFFAOYSA-N","Completed","Organic compounds","Organic nitrogen compounds","Organonitrogen compounds","Amines","Aralkylamines"
"MIEILDYWGANZNH-DSQUFTABSA-N","Completed","Organic compounds","Organic acids and derivatives","Carboxylic acids and derivatives","Amino acids, peptides, and analogues","Amino acids and derivatives","Alpha amino acids and derivatives","Alpha amino acids","L-alpha-amino acids"
"SNPLKNRPJHDVJA-ZETCQYMHSA-N","Completed","Organic compounds","Lipids and lipid-like molecules","Fatty Acyls","Fatty amides","N-acyl amines"
"IISBACLAFKSPIT-UHFFFAOYSA-N","Completed","Organic compounds","Benzenoids","Benzene and substituted derivatives","Diphenylmethanes","Bisphenols"
"SKCBPEVYGOQGJN-TXICZTDVSA-N","Completed","Organic compounds","Organic oxygen compounds","Organooxygen compounds","Carbohydrates and carbohydrate conjugates","Monosaccharides","Pentoses","Pentose phosphates"
"ZEPICJFODWLEJX-UHFFFAOYSA-N","Completed","Organic compounds","Benzenoids","Benzene and substituted derivatives","Biphenyls and derivatives","Biphenyls and derivatives"
"SSISHJJTAXXQAX-ZETCQYMHSA-N","Completed","Organic compounds","Organic acids and derivatives","Carboxylic acids and derivatives","Amino acids, peptides, and analogues","Amino acids and derivatives","Alpha amino acids and derivatives","Histidine and derivatives"
"RLZZZVKAURTHCP-UHFFFAOYSA-N","Completed","Organic compounds","Benzenoids","Phenanthrenes and derivatives","Phenanthrols","Phenanthrols"
"VWXQFHJBQHTHMK-LURJTMIESA-N","Completed","Organic compounds","Organic acids and derivatives","Carboxylic acids and derivatives","Amino acids, peptides, and analogues","Amino acids and derivatives","Alpha amino acids and derivatives","N-acyl-alpha amino acids and derivatives","N-acyl-alpha amino acids"
"RFENOVFRMPRRJI-AFCKVHGPSA-N","Completed","Organic compounds","Organic acids and derivatives","Keto acids and derivatives","Medium-chain keto acids and derivatives","Medium-chain keto acids and derivatives"
"BYHJHXPTQMMKCA-QMMMGPOBSA-N","Completed","Organic compounds","Organic oxygen compounds","Organooxygen compounds","Carbonyl compounds","Ketones","Aryl ketones","Phenylketones","Alkyl-phenylketones"
"PLDCWKCPEXNWJH-ZETCQYMHSA-N","Completed","Organic compounds","Organic acids and derivatives","Peptidomimetics","Hybrid peptides","Hybrid peptides"
"CCLQKVKJOGVQLU-QMMMGPOBSA-N","Completed","Organic compounds","Organic acids and derivatives","Peptidomimetics","Hybrid peptides","Hybrid peptides"
"HKNXPMPZYQXTDD-UHFFFAOYSA-N","Completed","Organic compounds","Organoheterocyclic compounds","Indoles and derivatives","Indolyl carboxylic acids and derivatives","Indolyl carboxylic acids and derivatives"
"OVRNDRQMDRJTHS-RTRLPJTCSA-N","Completed","Organic compounds","Organic oxygen compounds","Organooxygen compounds","Carbohydrates and carbohydrate conjugates","Aminosaccharides","Amino sugars","Acylaminosugars"
"UHDGCWIWMRVCDJ-XVFCMESISA-N","Completed","Organic compounds","Nucleosides, nucleotides, and analogues","Pyrimidine nucleosides","","Pyrimidine nucleosides"
"ODPHPWGPPAECAJ-UHFFFAOYSA-N","Completed","Organic compounds","Phenylpropanoids and polyketides","Stilbenes","","Stilbenes"
"CRDAMVZIKSXKFV-YFVJMOTDSA-N","Completed","Organic compounds","Lipids and lipid-like molecules","Prenol lipids","Sesquiterpenoids","Sesquiterpenoids"
"NRXWTRNYICXMBF-SGZWNVLDSA-N","Completed","Organic compounds","Organic oxygen compounds","Organooxygen compounds","Carbohydrates and carbohydrate conjugates","Monosaccharides","Hexoses"
"IMXSCCDUAFEIOE-RITPCOANSA-N","Completed","Organic compounds","Organic acids and derivatives","Carboxylic acids and derivatives","Amino acids, peptides, and analogues","Amino acids and derivatives","Alpha amino acids and derivatives","Arginine and derivatives"
"JFMCQBGTUJUOAB-RYUDHWBXSA-N","Completed","Organic compounds","Organoheterocyclic compounds","Piperidines","","Piperidines"
"QLTCHMYAEJEXBT-ZEBDFXRSSA-N","Completed","Organic compounds","Organic oxygen compounds","Organooxygen compounds","Carbohydrates and carbohydrate conjugates","Glycosyl compounds","Cyanogenic glycosides"
"MEACACCQPBWCOO-UHFFFAOYSA-N","Completed","Organic compounds","Organoheterocyclic compounds","Pyridines and derivatives","Pyridinecarboxylic acids and derivatives","Pyridinecarboxylic acids","Pyridine-2-carboxylic acids","5-alkyl-2-carboxypyrimidines"
"ZTALKMXOHWQNIA-TVBSHJCBSA-N","Completed","Organic compounds","Lipids and lipid-like molecules","Prenol lipids","Sesquiterpenoids","Sesquiterpenoids"
"VGONTNSXDCQUGY-RRKCRQDMSA-N","Completed","Organic compounds","Nucleosides, nucleotides, and analogues","Purine nucleosides","Purine 2'-deoxyribonucleosides","Purine 2'-deoxyribonucleosides"
"WGXUDTHMEITUBO-YFKPBYRVSA-N","Completed","Organic compounds","Organic acids and derivatives","Carboxylic acids and derivatives","Amino acids, peptides, and analogues","Amino acids and derivatives","Alpha amino acids and derivatives","Glutamine and derivatives"
"NHJUPBDCSOGIKX-NTXXKDEISA-N","Completed","Organic compounds","Lipids and lipid-like molecules","Glycerolipids","Glycosylglycerols","Glycosylglycerols"
"ZNLLBBZONQYLII-UHFFFAOYSA-N","Completed","Organic compounds","Organoheterocyclic compounds","Quinolines and derivatives","","Quinolines and derivatives"
"CJHDBEPXEKGBDW-VMPITWQZSA-N","Completed","Organic compounds","Phenylpropanoids and polyketides","Cinnamic acids and derivatives","Hydroxycinnamic acids and derivatives","Coumaric acids and derivatives"
"AHPWEWASPTZMEK-PEBGCTIMSA-N","Completed","Organic compounds","Nucleosides, nucleotides, and analogues","Imidazole ribonucleosides and ribonucleotides","","Imidazole ribonucleosides and ribonucleotides"
"MQVIMAJNAQWVSP-UHFFFAOYSA-N","Completed","Organic compounds","Lipids and lipid-like molecules","Prenol lipids","Quinone and hydroquinone lipids","Prenylquinones"
"MSWZFWKMSRAUBD-IVMDWMLBSA-N","Completed","Organic compounds","Organic oxygen compounds","Organooxygen compounds","Carbohydrates and carbohydrate conjugates","Monosaccharides","Hexoses"
"KWWHDNLMGLRNRN-NKWVEPMBSA-N","Completed","Organic compounds","Organic acids and derivatives","Carboxylic acids and derivatives","Amino acids, peptides, and analogues","Amino acids and derivatives","Alpha amino acids and derivatives","Glutamine and derivatives"
"YBJHBAHKTGYVGT-ZKWXMUAHSA-N","Completed","Organic compounds","Organoheterocyclic compounds","Biotin and derivatives","","Biotin and derivatives"
"PCCFNLPWOFTZPJ-RVBZMBCESA-M","Completed","Organic compounds","Lipids and lipid-like molecules","Fatty Acyls","Fatty acids and conjugates","Carbocyclic fatty acids"
"RLSJCCIBFMIPMJ-UHFFFAOYSA-N","Completed","Organic compounds","Benzenoids","Phenols","Benzenediols","Hydroquinones"
"WEWBWVMTOYUPHH-QHAQEBJBSA-N","Completed","Organic compounds","Organic oxygen compounds","Organooxygen compounds","Carbohydrates and carbohydrate conjugates","Glycosyl compounds","Cyanogenic glycosides"
"JIPPNUPHXUEYHJ-MLPAPPSSSA-N","Completed","Organic compounds","Lipids and lipid-like molecules","Prenol lipids","Quinone and hydroquinone lipids","Prenylated hydroquinones"
"IQFYYKKMVGJFEH-XLPZGREQSA-N","Completed","Organic compounds","Nucleosides, nucleotides, and analogues","Pyrimidine nucleosides","Pyrimidine 2'-deoxyribonucleosides","Pyrimidine 2'-deoxyribonucleosides"
"JFLIEFSWGNOPJJ-JTQLQIEISA-N","Completed","Organic compounds","Organic acids and derivatives","Carboxylic acids and derivatives","Amino acids, peptides, and analogues","Amino acids and derivatives","Alpha amino acids and derivatives","N-acyl-alpha amino acids and derivatives","N-acyl-alpha amino acids"
"JLIDBLDQVAYHNE-YKALOCIXSA-N","Completed","Organic compounds","Lipids and lipid-like molecules","Prenol lipids","Sesquiterpenoids","Abscisic acids and derivatives"
"SFUVCMKSYKHYLD-FNORWQNLSA-N","Completed","Organic compounds","Phenylpropanoids and polyketides","Cinnamic acids and derivatives","Hydroxycinnamic acids and derivatives","Hydroxycinnamic acids and derivatives"
"BXWNKGSJHAJOGX-UHFFFAOYSA-N","Completed","Organic compounds","Lipids and lipid-like molecules","Fatty Acyls","Fatty alcohols","Long-chain fatty alcohols"
"JZRWCGZRTZMZEH-UHFFFAOYSA-N","Completed","Organic compounds","Organoheterocyclic compounds","Diazines","Pyrimidines and pyrimidine derivatives","Thiamines"
"OIRDTQYFTABQOQ-KQYNXXCUSA-N","Completed","Organic compounds","Nucleosides, nucleotides, and analogues","Purine nucleosides","","Purine nucleosides"
"ZSCRTFONTNMQBL-NTUHNPAUSA-N","Completed","Organic compounds","Lipids and lipid-like molecules","Prenol lipids","Quinone and hydroquinone lipids","Prenylated hydroquinones"
"KZNIFHPLKGYRTM-UHFFFAOYSA-N","Completed","Organic compounds","Phenylpropanoids and polyketides","Flavonoids","Flavones","Flavones"
"GSDBGCKBBJVPNC-SCSAIBSYSA-N","Completed","Organic compounds","Organic acids and derivatives","Carboxylic acids and derivatives","Amino acids, peptides, and analogues","Amino acids and derivatives","Alpha amino acids and derivatives","Alpha amino acids","D-alpha-amino acids"
"DNXHEGUUPJUMQT-CBZIJGRNSA-N","Completed","Organic compounds","Lipids and lipid-like molecules","Steroids and steroid derivatives","Estrane steroids","Estrogens and derivatives"
"XVFMGWDSJLBXDZ-UHFFFAOYSA-O","Completed","Organic compounds","Phenylpropanoids and polyketides","Flavonoids","Hydroxyflavonoids","7-hydroxyflavonoids"
"AVHZTYOIILMPAL-UHFFFAOYSA-N","Completed","Organic compounds","Organoheterocyclic compounds","Diazanaphthalenes","Benzodiazines","Quinoxalines"
"WZRCQWQRFZITDX-AWEZNQCLSA-N","Completed","Organic compounds","Organoheterocyclic compounds","Isoquinolines and derivatives","Benzylisoquinolines","Benzylisoquinolines"
"FTVWIRXFELQLPI-UHFFFAOYSA-N","Completed","Organic compounds","Phenylpropanoids and polyketides","Flavonoids","Flavans","Flavanones"
"VOMDIEGPEURZJO-UHFFFAOYSA-N","Completed","Organic compounds","Benzenoids","Naphthalenes","Naphthoquinones","Naphthoquinones"
"PMGUCIDDSCRAMY-UHFFFAOYSA-N","Completed","Organic compounds","Organic acids and derivatives","Carboxylic acids and derivatives","Amino acids, peptides, and analogues","Amino acids and derivatives","Alpha amino acids and derivatives","Alpha amino acid amides"
"OCTWUEBQDSGHFM-KXUCPTDWSA-N","Completed","Organic compounds","Organic acids and derivatives","Carboxylic acids and derivatives","Amino acids, peptides, and analogues","Amino acids and derivatives","Alpha amino acids and derivatives","Alpha amino acid amides"
"ZKUSPPOKDDRMIU-JJYYJPOSSA-N","Completed","Organic compounds","Organic oxygen compounds","Organooxygen compounds","Carbohydrates and carbohydrate conjugates","Monosaccharides","Hexoses","Hexose phosphates"
"UMOXFSXIFQOWTD-LURJTMIESA-N","Completed","Organic compounds","Organic acids and derivatives","Carboxylic acids and derivatives","Amino acids, peptides, and analogues","Amino acids and derivatives","Alpha amino acids and derivatives","N-acyl-alpha amino acids and derivatives","N-acyl-alpha amino acids","N-acyl-L-alpha-amino acids"
"HKIMBCGCVPYUTJ-NTUHNPAUSA-N","Completed","Organic compounds","Lipids and lipid-like molecules","Prenol lipids","Monoterpenoids","Aromatic monoterpenoids"
"ZSZFGMMEPZVGMH-LURJTMIESA-N","Completed","Organic compounds","Organic acids and derivatives","Carboxylic acids and derivatives","Amino acids, peptides, and analogues","Amino acids and derivatives","Alpha amino acids and derivatives","N-acyl-alpha amino acids and derivatives","N-acyl-alpha amino acids","N-acyl-L-alpha-amino acids"
"MKXKFYHWDHIYRV-UHFFFAOYSA-N","Completed","Organic compounds","Benzenoids","Benzene and substituted derivatives","Trifluoromethylbenzenes","Trifluoromethylbenzenes"
"XKQZIXVJVUPORE-RPDRRWSUSA-N","Completed","Organic compounds","Organic oxygen compounds","Organooxygen compounds","Carbohydrates and carbohydrate conjugates","Monosaccharides","Pentoses"
"AKIHYQWCLCDMMI-VMPITWQZSA-N","Completed","Organic compounds","Phenylpropanoids and polyketides","Cinnamic acids and derivatives","Hydroxycinnamic acids and derivatives","Coumaric acids and derivatives"
"ZNXZGRMVNNHPCA-VIFPVBQESA-N","Completed","Organic compounds","Organic acids and derivatives","Carboxylic acids and derivatives","Amino acids, peptides, and analogues","Amino acids and derivatives","Beta amino acids and derivatives"
"OYHQOLUKZRVURQ-HZJYTTRNSA-N","Completed","Organic compounds","Lipids and lipid-like molecules","Fatty Acyls","Lineolic acids and derivatives","Lineolic acids and derivatives"
"NYHBQMYGNKIUIF-UUOKFMHZSA-N","Completed","Organic compounds","Nucleosides, nucleotides, and analogues","Purine nucleosides","","Purine nucleosides"
"UBORTCNDUKBEOP-UUOKFMHZSA-N","Completed","Organic compounds","Nucleosides, nucleotides, and analogues","Purine nucleosides","","Purine nucleosides"
"BQJCRHHNABKAKU-KBQPJGBKSA-N","Completed","Organic compounds","Alkaloids and derivatives","Morphinans","","Morphinans"
"FPIPGXGPPPQFEQ-OVSJKPMPSA-N","Completed","Organic compounds","Lipids and lipid-like molecules","Prenol lipids","Retinoids","Retinoids"
"NEZONWMXZKDMKF-SNVBAGLBSA-N","Completed","Organic compounds","Benzenoids","Naphthalenes","Naphthoquinones","Naphthoquinones"
"QZZRQURPSRWTLG-UXCAXZQLSA-N","Completed","Organic compounds","Lipids and lipid-like molecules","Steroids and steroid derivatives","Estrane steroids","Estrogens and derivatives"
"HSNZZMHEPUFJNZ-SHUUEZRQSA-N","Completed","Organic compounds","Organic oxygen compounds","Organooxygen compounds","Carbohydrates and carbohydrate conjugates","Monosaccharides","Heptoses"
"PMTMAFAPLCGXGK-JMTMCXQRSA-N","Completed","Organic compounds","Lipids and lipid-like molecules","Fatty Acyls","Eicosanoids","Prostaglandins and related compounds"
"MNLRQHMNZILYPY-MKFCKLDKSA-N","Completed","Organic compounds","Organic oxygen compounds","Organooxygen compounds","Carbohydrates and carbohydrate conjugates","Aminosaccharides","Amino sugars","Acylaminosugars"
"VOXZDWNPVJITMN-ZBRFXRBCSA-N","Completed","Organic compounds","Lipids and lipid-like molecules","Steroids and steroid derivatives","Estrane steroids","Estrogens and derivatives"
"BZXZFDKIRZBJEP-JMTMCXQRSA-N","Completed","Organic compounds","Lipids and lipid-like molecules","Fatty Acyls","Eicosanoids","Prostaglandins and related compounds"
"ZKSZEJFBGODIJW-GMDXDWKASA-N","Completed","Organic compounds","Organic oxygen compounds","Organooxygen compounds","Carbohydrates and carbohydrate conjugates","Glycosyl compounds","Cyanogenic glycosides"
"PBUWDBPUDWMXGC-KXUCPTDWSA-P","Completed","Organic compounds","Organic acids and derivatives","Carboxylic acids and derivatives","Amino acids, peptides, and analogues","Amino acids and derivatives","Alpha amino acids and derivatives","Alpha amino acid amides"
"WUUGFSXJNOTRMR-IOSLPCCCSA-N","Completed","Organic compounds","Nucleosides, nucleotides, and analogues","5'-deoxyribonucleosides","5'-deoxy-5'-thionucleosides","5'-deoxy-5'-thionucleosides"
"ZDGJAHTZVHVLOT-YUMQZZPRSA-N","Completed","Organic compounds","Organic acids and derivatives","Carboxylic acids and derivatives","Amino acids, peptides, and analogues","Amino acids and derivatives","Alpha amino acids and derivatives","Glutamic acid and derivatives"
"BOKVLBSSPUTWLV-INIZCTEOSA-N","Completed","Organic compounds","Organoheterocyclic compounds","Isoquinolines and derivatives","Benzylisoquinolines","Benzylisoquinolines"
"ILRCGYURZSFMEG-RKQHYHRCSA-N","Completed","Organic compounds","Organic oxygen compounds","Organooxygen compounds","Carbohydrates and carbohydrate conjugates","Glycosyl compounds","O-glycosyl compounds"
"SHGAZHPCJJPHSC-YCNIQYBTSA-N","Completed","Organic compounds","Lipids and lipid-like molecules","Prenol lipids","Retinoids","Retinoids"
"OTKJDMGTUTTYMP-ZWKOTPCHSA-N","Completed","Organic compounds","Organic nitrogen compounds","Organonitrogen compounds","Amines","Alkanolamines","1,2-aminoalcohols"
"ZPUCINDJVBIVPJ-LJISPDSOSA-N","Completed","Organic compounds","Benzenoids","Benzene and substituted derivatives","Benzoic acids and derivatives","Benzoic acid esters"
"OPVPGKGADVGKTG-NKWVEPMBSA-N","Completed","Organic compounds","Organic acids and derivatives","Carboxylic acids and derivatives","Amino acids, peptides, and analogues","Peptides","Dipeptides"
"LUJVUUWNAPIQQI-QAGGRKNESA-N","Completed","Organic compounds","Lipids and lipid-like molecules","Steroids and steroid derivatives","Androstane steroids","Androgens and derivatives"
"NCYCYZXNIZJOKI-OVSJKPMPSA-N","Completed","Organic compounds","Lipids and lipid-like molecules","Prenol lipids","Retinoids","Retinoids"
"LHSGPCFBGJHPCY-STQMWFEESA-N","Completed","Organic compounds","Organic acids and derivatives","Carboxylic acids and derivatives","Amino acids, peptides, and analogues","Peptides"
"AEMFNILZOJDQLW-QAGGRKNESA-N","Completed","Organic compounds","Lipids and lipid-like molecules","Steroids and steroid derivatives","Androstane steroids","Androgens and derivatives"
"QQHJDPROMQRDLA-UHFFFAOYSA-L","Completed","Organic compounds","Lipids and lipid-like molecules","Fatty Acyls","Fatty acids and conjugates","Long-chain fatty acids"
"PTJADDMMFYXMMG-UHFFFAOYSA-N","Completed","Organic compounds","Benzenoids","Benzene and substituted derivatives","Phenylbutylamines","Phenylbutylamines"
"UYQGVDXDXBAABN-FQSPHKRJSA-N","Completed","Organic compounds","Lipids and lipid-like molecules","Fatty Acyls","Lineolic acids and derivatives","Lineolic acids and derivatives"
"NVLTYOJHPBMILU-YOVYLDAJSA-N","Completed","Organic compounds","Organic oxygen compounds","Organooxygen compounds","Carbohydrates and carbohydrate conjugates","Glycosyl compounds","Cyanogenic glycosides"
"RKUNBYITZUJHSG-VFSICIBPSA-N","Completed","Organic compounds","Alkaloids and derivatives","Tropane alkaloids","","Tropane alkaloids"
"KDZOASGQNOPSCU-WDSKDSINSA-N","Completed","Organic compounds","Organic acids and derivatives","Carboxylic acids and derivatives","Amino acids, peptides, and analogues","Amino acids and derivatives","Alpha amino acids and derivatives","Aspartic acid and derivatives"
"PMCOGCVKOAOZQM-XVFCMESISA-N","Completed","Organic compounds","Organic oxygen compounds","Organooxygen compounds","Carbohydrates and carbohydrate conjugates","Monosaccharides","Pentoses","Pentose phosphates"
"WBFYVDCHGVNRBH-UHFFFAOYSA-N","Completed","Organic compounds","Organoheterocyclic compounds","Pteridines and derivatives","Pterins and derivatives","Pterins and derivatives"
"SXISMOAILJWTID-BQBZGAKWSA-N","Completed","Organic compounds","Organic acids and derivatives","Carboxylic acids and derivatives","Amino acids, peptides, and analogues","Amino acids and derivatives","Alpha amino acids and derivatives","Tyrosine and derivatives"
"YUHVBHDSVLKFNI-NJSLBKSFSA-N","Completed","Organic compounds","Benzenoids","Phenols","Benzenediols","Catechols"
"VHRUMKCAEVRUBK-GODQJPCRSA-N","Completed","Organic compounds","Lipids and lipid-like molecules","Fatty Acyls","Eicosanoids","Prostaglandins and related compounds"
"LPVOGSWZCYNQGE-UHFFFAOYSA-N","Completed","Organic compounds","Organoheterocyclic compounds","Pyridines and derivatives","Phenylpyridines","Phenylpyridines"
"JSFATNQSLKRBCI-VAEKSGALSA-N","Completed","Organic compounds","Lipids and lipid-like molecules","Fatty Acyls","Eicosanoids","Hydroxyeicosatetraenoic acids"
"XHFVGHPGDLDEQO-ZETCQYMHSA-N","Completed","Organic compounds","Organic acids and derivatives","Carboxylic acids and derivatives","Amino acids, peptides, and analogues","Amino acids and derivatives","Beta amino acids and derivatives"
"QSYCTARXWYLMOF-CBAPKCEASA-N","Completed","Organic compounds","Organic acids and derivatives","Peptidomimetics","Hybrid peptides","Hybrid peptides"
"RZRPTBIGEANTGU-IRIMSJTPSA-N","Completed","Organic compounds","Lipids and lipid-like molecules","Steroids and steroid derivatives","Androstane steroids","Androgens and derivatives"
"SYJXFKPQNSDJLI-HKEUSBCWSA-N","Completed","Organic compounds","Organic oxygen compounds","Organooxygen compounds","Carbohydrates and carbohydrate conjugates","Aminosaccharides","Aminoglycosides","Aminocyclitol glycosides"
"WSEQXVZVJXJVFP-UHFFFAOYSA-N","Completed","Organic compounds","Benzenoids","Benzene and substituted derivatives","Phenylbutylamines","Phenylbutylamines"
"SXDXRJZUAJBNFL-XKSSXDPKSA-N","Completed","Organic compounds","Organoheterocyclic compounds","Pteridines and derivatives","","Pteridines and derivatives"
"QQIVKFZWLZJXJT-DNKQKWOHSA-N","Completed","Organic compounds","Lipids and lipid-like molecules","Steroids and steroid derivatives","Androstane steroids","Androgens and derivatives"
"XWIYFDMXXLINPU-UHFFFAOYSA-N","Completed","Organic compounds","Phenylpropanoids and polyketides","Coumarins and derivatives","Furanocoumarins","Angular furanocoumarins","Aflatoxins","Difurocoumarolactones"
"DBPWSSGDRRHUNT-CEGNMAFCSA-N","Completed","Organic compounds","Lipids and lipid-like molecules","Steroids and steroid derivatives","Pregnane steroids","Gluco/mineralocorticoids, progestogins and derivatives"
"KHWCHTKSEGGWEX-RRKCRQDMSA-N","Completed","Organic compounds","Nucleosides, nucleotides, and analogues","Purine nucleotides","Purine deoxyribonucleotides","Purine deoxyribonucleoside monophosphates","Purine 2'-deoxyribonucleoside monophosphates"
"VGONTNSXDCQUGY-RRKCRQDMSA-N","Completed","Organic compounds","Nucleosides, nucleotides, and analogues","Purine nucleosides","Purine 2'-deoxyribonucleosides","Purine 2'-deoxyribonucleosides"
"IXORZMNAPKEEDV-OBDJNFEBSA-N","Completed","Organic compounds","Lipids and lipid-like molecules","Prenol lipids","Diterpenoids","Gibberellins","C19-gibberellins","C19-gibberellin 6-carboxylic acids"
"JGSARLDLIJGVTE-UHFFFAOYSA-N","Completed","Organic compounds","Organic acids and derivatives","Carboxylic acids and derivatives","Amino acids, peptides, and analogues","Peptides","Dipeptides"
"RWSXRVCMGQZWBV-WDSKDSINSA-N","Completed","Organic compounds","Organic acids and derivatives","Carboxylic acids and derivatives","Amino acids, peptides, and analogues","Peptides"
"DAUPWJBRVZCBQB-AWEZNQCLSA-N","Completed","Organic compounds","Organoheterocyclic compounds","Isoquinolines and derivatives","Benzylisoquinolines","Benzylisoquinolines"
"CZMRCDWAGMRECN-UGDNZRGBSA-N","Completed","Organic compounds","Organic oxygen compounds","Organooxygen compounds","Carbohydrates and carbohydrate conjugates","Glycosyl compounds","O-glycosyl compounds"
"GLTSSBZZNLCFQJ-HKEUSBCWSA-N","Completed","Organic compounds","Organic oxygen compounds","Organooxygen compounds","Carbohydrates and carbohydrate conjugates","Aminosaccharides","Aminoglycosides","Aminocyclitol glycosides"
"XRWIIRKFSUFIPZ-HJWJTTGWSA-N","Completed","Organic compounds","Phenylpropanoids and polyketides","Coumarins and derivatives","Furanocoumarins","Angular furanocoumarins","Aflatoxins","Difurocoumarocyclopentenones"
"PYZZIILDSAJNLZ-QZNPSGCDSA-N","Completed","Organic compounds","Lipids and lipid-like molecules","Fatty Acyls","Fatty acyl glycosides","Fatty acyl glycosides of mono- and disaccharides"
"FUFLCEKSBBHCMO-KJQYFISQSA-N","Completed","Organic compounds","Lipids and lipid-like molecules","Steroids and steroid derivatives","Hydroxysteroids","21-hydroxysteroids"
"IERHLVCPSMICTF-XVFCMESISA-N","Completed","Organic compounds","Nucleosides, nucleotides, and analogues","Pyrimidine nucleotides","Pyrimidine ribonucleotides","Pyrimidine ribonucleoside monophosphates"
"JZRWCGZRTZMZEH-UHFFFAOYSA-N","Completed","Organic compounds","Organoheterocyclic compounds","Diazines","Pyrimidines and pyrimidine derivatives","Thiamines"
"JGSMDVGTXBPWIM-HKEUSBCWSA-N","Completed","Organic compounds","Organic oxygen compounds","Organooxygen compounds","Carbohydrates and carbohydrate conjugates","Aminosaccharides","Aminoglycosides","Aminocyclitol glycosides"
"XYCATPIYKOARSZ-OAIFWDMCSA-N","Completed","Organic compounds","Organic acids and derivatives","Carboxylic acids and derivatives","Tricarboxylic acids and derivatives","Tricarboxylic acids and derivatives"
"OKGOPKLFGPTQFQ-UHFFFAOYSA-N","Completed","Organic compounds","Phenylpropanoids and polyketides","Coumarins and derivatives","","Coumarins and derivatives"
"MASCESDECGBIBB-HNXXTFFGSA-N","Completed","Organic compounds","Lipids and lipid-like molecules","Steroids and steroid derivatives","Pregnane steroids","Gluco/mineralocorticoids, progestogins and derivatives"
"CYKYBWRSLLXBOW-GDYGHMJCSA-N","Completed","Organic compounds","Lipids and lipid-like molecules","Steroids and steroid derivatives","Hydroxysteroids","21-hydroxysteroids"
"ZMRGXEJKZPRBPJ-SYQHCUMBSA-N","Completed","Organic compounds","Nucleosides, nucleotides, and analogues","Benzimidazole ribonucleosides and ribonucleotides","","Benzimidazole ribonucleosides and ribonucleotides"
"GAGWJHPBXLXJQN-UORFTKCHSA-N","Completed","Organic compounds","Nucleosides, nucleotides, and analogues","5'-deoxyribonucleosides","","5'-deoxyribonucleosides"
"MFYSYFVPBJMHGN-ZPOLXVRWSA-N","Completed","Organic compounds","Lipids and lipid-like molecules","Steroids and steroid derivatives","Hydroxysteroids","21-hydroxysteroids"
"GSDSWSVVBLHKDQ-JTQLQIEISA-N","Completed","Organic compounds","Organoheterocyclic compounds","Quinolines and derivatives","Quinoline carboxylic acids","Quinoline carboxylic acids"
"JYGXADMDTFJGBT-VWUMJDOOSA-N","Completed","Organic compounds","Lipids and lipid-like molecules","Steroids and steroid derivatives","Hydroxysteroids","21-hydroxysteroids"
"WILLOUKDISBKTQ-AHMUMSBHSA-N","Completed","Organic compounds","Organic oxygen compounds","Organooxygen compounds","Carbohydrates and carbohydrate conjugates","Glycosyl compounds","Thioglycosides"
"KJTFFUUCBPMUPH-YUMQZZPRSA-N","Failed","","","","",""
"CTTOFMJLOGMZRN-BBWLNIHDSA-N","Completed","Organic compounds","Lipids and lipid-like molecules","Steroids and steroid derivatives","Hydroxysteroids","21-hydroxysteroids"
"NKANXQFJJICGDU-QPLCGJKRSA-N","Completed","Organic compounds","Phenylpropanoids and polyketides","Stilbenes","","Stilbenes"
"RHQQHZQUAMFINJ-DTDWNVJFSA-N","Completed","Organic compounds","Lipids and lipid-like molecules","Steroids and steroid derivatives","Hydroxysteroids","21-hydroxysteroids"
"AUNGANRZJHBGPY-SCRDCRAPSA-N","Completed","Organic compounds","Organoheterocyclic compounds","Pteridines and derivatives","Alloxazines and isoalloxazines","Flavins"
"MBXJCHZRHROMQA-UWJYYQICSA-N","Completed","Organic compounds","Alkaloids and derivatives","Strychnos alkaloids","","Strychnos alkaloids"
"RCRCTBLIHCHWDZ-DOFZRALJSA-N","Completed","Organic compounds","Lipids and lipid-like molecules","Endocannabinoids","","Endocannabinoids"
"HDOVUKNUBWVHOX-QMMMGPOBSA-N","Completed","Organic compounds","Organic acids and derivatives","Carboxylic acids and derivatives","Amino acids, peptides, and analogues","Amino acids and derivatives","Alpha amino acids and derivatives","Alpha amino acid esters"
"CQOQDQWUFQDJMK-SSTWWWIQSA-N","Completed","Organic compounds","Lipids and lipid-like molecules","Steroids and steroid derivatives","Estrane steroids","Estrogens and derivatives"
"AODPIQQILQLWGS-GXBDJPPSSA-N","Completed","Organic compounds","Lipids and lipid-like molecules","Steroids and steroid derivatives","Hydroxysteroids","21-hydroxysteroids"
"ORNBQBCIOKFOEO-QGVNFLHTSA-N","Completed","Organic compounds","Lipids and lipid-like molecules","Steroids and steroid derivatives","Pregnane steroids","Gluco/mineralocorticoids, progestogins and derivatives"
"UIJIQXGRFSPYQW-UHFFFAOYSA-N","Completed","Organic compounds","Organoheterocyclic compounds","Imidazopyrimidines","Purines and purine derivatives","6-thiopurines"
"WWUZIQQURGPMPG-KRWOKUGFSA-N","Completed","Organic compounds","Organic nitrogen compounds","Organonitrogen compounds","Amines","Alkanolamines","1,2-aminoalcohols"
"OGRXKBUCZFFSTL-UHFFFAOYSA-N","Completed","Organic compounds","Organoheterocyclic compounds","Pyridines and derivatives","","Pyridines and derivatives"
"BKUSIKGSPSFQAC-RRKCRQDMSA-N","Completed","Organic compounds","Nucleosides, nucleotides, and analogues","Purine nucleotides","Purine deoxyribonucleotides","Purine deoxyribonucleoside diphosphates","Purine 2'-deoxyribonucleoside diphosphates"
"RUDATBOHQWOJDD-BSWAIDMHSA-N","Completed","Organic compounds","Lipids and lipid-like molecules","Steroids and steroid derivatives","Bile acids, alcohols and derivatives","Hydroxy bile acids, alcohols and derivatives","Dihydroxy bile acids, alcohols and derivatives"
"BAQAVOSOZGMPRM-QBMZZYIRSA-N","Completed","Organic compounds","Organic oxygen compounds","Organooxygen compounds","Carbohydrates and carbohydrate conjugates","Glycosyl compounds","C-glycosyl compounds"
"YDUZXFXPORORCL-CKBPCMIVSA-N","Completed","Organic compounds","Organic acids and derivatives","Carboxylic acids and derivatives","Amino acids, peptides, and analogues","Amino acids and derivatives","Alpha amino acids and derivatives","Glutamine and derivatives"
"JWUBBDSIWDLEOM-DTOXIADCSA-N","Completed","Organic compounds","Lipids and lipid-like molecules","Steroids and steroid derivatives","Vitamin D and derivatives","Vitamin D and derivatives"
"NRHMKIHPTBHXPF-BNTPQDKXSA-M","Failed","","","","",""
"NEDQLXHBVHSKNV-STQMWFEESA-N","Completed","Organic compounds","Organic acids and derivatives","Carboxylic acids and derivatives","Amino acids, peptides, and analogues","Peptides","Oligopeptides"
"QGWNDRXFNXRZMB-UUOKFMHZSA-N","Completed","Organic compounds","Nucleosides, nucleotides, and analogues","Purine nucleotides","Purine ribonucleotides","Purine ribonucleoside diphosphates"
"TUZYXOIXSAXUGO-PZAWKZKUSA-N","Completed","Organic compounds","Organic acids and derivatives","Hydroxy acids and derivatives","Medium-chain hydroxy acids and derivatives","Medium-chain hydroxy acids and derivatives"
"GHCZAUBVMUEKKP-GYPHWSFCSA-N","Completed","Organic compounds","Lipids and lipid-like molecules","Steroids and steroid derivatives","Bile acids, alcohols and derivatives","Glycinated bile acids and derivatives"
"NSKGQURZWSPSBC-VVPCINPTSA-N","Completed","Organic compounds","Organic oxygen compounds","Organooxygen compounds","Carbohydrates and carbohydrate conjugates","Aminosaccharides","Aminoglycosides","Aminocyclitol glycosides","2-deoxystreptamine aminoglycosides","4,5-disubstituted 2-deoxystreptamines"
"ZNOVTXRBGFNYRX-STQMWFEESA-N","Completed","Organic compounds","Organoheterocyclic compounds","Pteridines and derivatives","Pterins and derivatives","Tetrahydropteroic acids and derivatives","Tetrahydrofolic acids and derivatives","Tetrahydrofolic acids"
"RFDAIACWWDREDC-FRVQLJSFSA-N","Completed","Organic compounds","Lipids and lipid-like molecules","Steroids and steroid derivatives","Bile acids, alcohols and derivatives","Glycinated bile acids and derivatives"
"DTGZHCFJNDAHEN-OZEXIGSWSA-N","Completed","Organic compounds","Alkaloids and derivatives","Emetine alkaloids","","Emetine alkaloids"
"MSTNYGQPCMXVAQ-KIYNQFGBSA-N","Completed","Organic compounds","Organic acids and derivatives","Carboxylic acids and derivatives","Amino acids, peptides, and analogues","Amino acids and derivatives","Alpha amino acids and derivatives","Glutamic acid and derivatives"
"OPWUFXYXNVOKQD-KBPBESRZSA-N","Completed","Organic compounds","Organic acids and derivatives","Carboxylic acids and derivatives","Amino acids, peptides, and analogues","Peptides","Oligopeptides"
"MTGFYEHKPMOVNE-NEFMKCFNSA-N","Completed","Organic compounds","Lipids and lipid-like molecules","Prenol lipids","Terpene glycosides","Diterpene glycosides"
"AUVVAXYIELKVAI-CKBKHPSWSA-N","Completed","Organic compounds","Alkaloids and derivatives","Emetine alkaloids","","Emetine alkaloids"
"QGXBDMJGAMFCBF-HLUDHZFRSA-N","Completed","Organic compounds","Lipids and lipid-like molecules","Steroids and steroid derivatives","Androstane steroids","Androgens and derivatives"
"HVYWMOMLDIMFJA-DPAQBDIFSA-N","Completed","Organic compounds","Lipids and lipid-like molecules","Steroids and steroid derivatives","Cholestane steroids","Cholesterols and derivatives"
"JMWFFJATYDQZCI-HOTGVXAUSA-N","Completed","Organic compounds","Organic acids and derivatives","Carboxylic acids and derivatives","Amino acids, peptides, and analogues","Peptides","Oligopeptides"
"BHTRKEVKTKCXOH-BJLOMENOSA-N","Completed","Organic compounds","Lipids and lipid-like molecules","Steroids and steroid derivatives","Bile acids, alcohols and derivatives","Taurinated bile acids and derivatives"
"RWTNPBWLLIMQHL-UHFFFAOYSA-N","Completed","Organic compounds","Benzenoids","Benzene and substituted derivatives","Diphenylmethanes","Diphenylmethanes"
"MUPFEKGTMRGPLJ-ZQSKZDJDSA-N","Completed","Organic compounds","Organic oxygen compounds","Organooxygen compounds","Carbohydrates and carbohydrate conjugates","Oligosaccharides"
"KAOLEMQCYWHOJQ-YCCSZJEMSA-N","Completed","Organic compounds","Lipids and lipid-like molecules","Steroids and steroid derivatives","Bile acids, alcohols and derivatives","Hydroxy bile acids, alcohols and derivatives","Tetrahydroxy bile acids, alcohols and derivatives"
"XKMLYUALXHKNFT-UUOKFMHZSA-N","Completed","Organic compounds","Nucleosides, nucleotides, and analogues","Purine nucleotides","Purine ribonucleotides","Purine ribonucleoside triphosphates"
"XBAMJZTXGWPTRM-NTXHKPOFSA-N","Completed","Organic compounds","Lipids and lipid-like molecules","Prenol lipids","Terpene glycosides","Terpene glycosides"
"URJZIQLTPCJVMW-QNSCKLTRSA-N","Completed","Organic compounds","Nucleosides, nucleotides, and analogues","Pyrimidine nucleotides","Pyrimidine ribonucleotides","Pyrimidine ribonucleoside diphosphates"
"YSYVVCNYHFEBSE-VVPCINPTSA-N","Completed","Organic compounds","Organic oxygen compounds","Organooxygen compounds","Carbohydrates and carbohydrate conjugates","Aminosaccharides","Aminoglycosides","Aminocyclitol glycosides","2-deoxystreptamine aminoglycosides","4,5-disubstituted 2-deoxystreptamines"
"UHSGPDMIQQYNAX-UHFFFAOYSA-N","Completed","Organic compounds","Organoheterocyclic compounds","Tetrapyrroles and derivatives","Porphyrins","Porphyrins"
"YFGBQHOOROIVKG-FKBYEOEOSA-N","Completed","Organic compounds","Organic acids and derivatives","Carboxylic acids and derivatives","Amino acids, peptides, and analogues","Peptides","Oligopeptides"
"PZXCOGFLSNREMF-SUZCJKPRSA-N","Completed","Organic compounds","Organic acids and derivatives","Carboxylic acids and derivatives","Amino acids, peptides, and analogues","Peptides","Oligopeptides"
"QOUSHGMTBIIAHR-KEOHHSTQSA-N","Completed","Organic compounds","Nucleosides, nucleotides, and analogues","Imidazole ribonucleosides and ribonucleotides","1-ribosyl-imidazolecarboxamides","1-ribosyl-imidazolecarboxamides"
"QGYFHZBDXXNYAX-RTXATJJPSA-N","Completed","Organic compounds","Nucleosides, nucleotides, and analogues","Pyrimidine nucleotides","Pyrimidine ribonucleotides","Pyrimidine ribonucleoside diphosphates"
"NNMALANKTSRILL-ZUTFDUMMSA-N","Completed","Organic compounds","Organoheterocyclic compounds","Tetrapyrroles and derivatives","Bilirubins","Bilirubins"
"DOKCNDVEPDZOJQ-RWPZCVJISA-N","Completed","Organic compounds","Organoheterocyclic compounds","Tetrapyrroles and derivatives","Bilirubins","Bilirubins"
"KSQFFJKKJAEKTB-UHFFFAOYSA-N","Completed","Organic compounds","Organoheterocyclic compounds","Tetrapyrroles and derivatives","Bilirubins","Bilirubins"
"OBHRVMZSZIDDEK-UHFFFAOYSA-N","Completed","Organic compounds","Organoheterocyclic compounds","Tetrapyrroles and derivatives","Bilirubins","Bilirubins"
"TYOWQSLRVAUSMI-WKULSOCRSA-N","Completed","Organic compounds","Organoheterocyclic compounds","Tetrapyrroles and derivatives","Bilirubins","Bilirubins"
"VKGRRZVYCXLHII-UHFFFAOYSA-N","Completed","Organic compounds","Organoheterocyclic compounds","Tetrapyrroles and derivatives","Bilirubins","Bilirubins"
"OPLVZTYVQUWKHB-SDBHATRESA-N","Completed","Organic compounds","Nucleosides, nucleotides, and analogues","Purine nucleotides","Purine ribonucleotides","Purine ribonucleoside triphosphates"
"QBPCOMNNISRCTC-JSSVAETHSA-L","Not Found","","","","",""
"CBVCZFGXHXORBI-PXQQMZJSSA-N","Completed","Organic compounds","Organic acids and derivatives","Carboxylic acids and derivatives","Amino acids, peptides, and analogues","Amino acids and derivatives","Alpha amino acids and derivatives","Alpha amino acid amides"
"PGBHMTALBVVCIT-VCIWKGPPSA-N","Completed","Organic compounds","Organic oxygen compounds","Organooxygen compounds","Carbohydrates and carbohydrate conjugates","Aminosaccharides","Aminoglycosides","Aminocyclitol glycosides","2-deoxystreptamine aminoglycosides","4,5-disubstituted 2-deoxystreptamines"
"KABFMIBPWCXCRK-UHFFFAOYSA-L","Not Found","","","","",""
"DNBSDUDYNPJVCN-ZXTXFPBHSA-N","Completed","Organic compounds","Nucleosides, nucleotides, and analogues","Purine nucleotides","Purine nucleotide sugars","Purine nucleotide sugars"
"VBWGPCJBCKMMKS-UHFFFAOYSA-N","Failed","","","","",""
"VLYUGYAKYZETRF-SSDOTTSWSA-N","Completed","Organic compounds","Lipids and lipid-like molecules","Fatty Acyls","Fatty amides","Fatty amides"
"HXOHNPOPPWAVKF-RFWPBIQDSA-J","Failed","","","","",""
"NIUVHXTXUXOFEB-UHFFFAOYSA-N","Completed","Organic compounds","Organoheterocyclic compounds","Tetrapyrroles and derivatives","Porphyrins","Porphyrins"
"UQZIYBXSHAGNOE-XNSRJBNMSA-N","Completed","Organic compounds","Organic oxygen compounds","Organooxygen compounds","Carbohydrates and carbohydrate conjugates","Oligosaccharides"
"LZMSXDHGHZKXJD-VJANTYMQSA-N","Completed","Organic compounds","Organic acids and derivatives","Carboxylic acids and derivatives","Amino acids, peptides, and analogues","Peptides","Cyclic peptides"
"XJLXINKUBYWONI-NNYOXOHSSA-O","Completed","Organic compounds","Nucleosides, nucleotides, and analogues","(5'->5')-dinucleotides","","(5'->5')-dinucleotides"
"LSNNMFCWUKXFEE-UHFFFAOYSA-L","Completed","Inorganic compounds","Homogeneous non-metal compounds","Non-metal oxoanionic compounds","Non-metal sulfites","Non-metal sulfites"
"QSJXEFYPDANLFS-UHFFFAOYSA-N","Completed","Organic compounds","Organic oxygen compounds","Organooxygen compounds","Carbonyl compounds","Ketones","Alpha-diketones"
"LCTONWCANYUPML-UHFFFAOYSA-M","Completed","Organic compounds","Organic acids and derivatives","Keto acids and derivatives","Alpha-keto acids and derivatives","Alpha-keto acids and derivatives"
"QNAYBMKLOCPYGJ-REOHCLBHSA-N","Completed","Organic compounds","Organic acids and derivatives","Carboxylic acids and derivatives","Amino acids, peptides, and analogues","Amino acids and derivatives","Alpha amino acids and derivatives","Alanine and derivatives"
"RXKJFZQQPQGTFL-UHFFFAOYSA-N","Completed","Organic compounds","Organic oxygen compounds","Organooxygen compounds","Carbohydrates and carbohydrate conjugates","Monosaccharides"
"QAOWNCQODCNURD-UHFFFAOYSA-L","Completed","Inorganic compounds","Homogeneous non-metal compounds","Non-metal oxoanionic compounds","Non-metal sulfates","Non-metal sulfates"
"TYEYBOSBBBHJIV-UHFFFAOYSA-M","Completed","Organic compounds","Organic acids and derivatives","Keto acids and derivatives","Short-chain keto acids and derivatives","Short-chain keto acids and derivatives"
"BTCSSZJGUNDROE-UHFFFAOYSA-N","Completed","Organic compounds","Organic acids and derivatives","Carboxylic acids and derivatives","Amino acids, peptides, and analogues","Amino acids and derivatives","Gamma amino acids and derivatives"
"MTCFGRXMJLQNBG-REOHCLBHSA-N","Completed","Organic compounds","Organic acids and derivatives","Carboxylic acids and derivatives","Amino acids, peptides, and analogues","Amino acids and derivatives","Alpha amino acids and derivatives","Serine and derivatives"
"CHGPEDOMXOLANF-UHFFFAOYSA-N","Completed","Organic compounds","Organoheterocyclic compounds","Pyridines and derivatives","Hydropyridines","Pyridinones"
"YTIVTFGABIZHHX-UHFFFAOYSA-L","Completed","Organic compounds","Organic acids and derivatives","Carboxylic acids and derivatives","Dicarboxylic acids and derivatives","Dicarboxylic acids and derivatives"
"VHTQQDXPNUTMNB-ONEGZZNKSA-M","Completed","Organic compounds","Lipids and lipid-like molecules","Fatty Acyls","Fatty acids and conjugates","Unsaturated fatty acids"
"VZCYOOQTPOCHFL-OWOJBTEDSA-L","Completed","Organic compounds","Organic acids and derivatives","Carboxylic acids and derivatives","Dicarboxylic acids and derivatives","Dicarboxylic acids and derivatives"
"KDYFGRWQOYBRFD-UHFFFAOYSA-L","Completed","Organic compounds","Organic acids and derivatives","Carboxylic acids and derivatives","Dicarboxylic acids and derivatives","Dicarboxylic acids and derivatives"
"PGSWEKYNAOWQDF-UHFFFAOYSA-N","Completed","Organic compounds","Benzenoids","Phenols","Benzenediols","Catechols"
"SUMDYPCJJOFFON-UHFFFAOYSA-N","Completed","Organic compounds","Organic acids and derivatives","Organic sulfonic acids and derivatives","Organosulfonic acids and derivatives","Organosulfonic acids"
"VHKNBDIQDAXGBL-UHFFFAOYSA-M","Completed","Organic compounds","Organic acids and derivatives","Keto acids and derivatives","Short-chain keto acids and derivatives","Short-chain keto acids and derivatives"
"BKAJNAXTPSGJCU-UHFFFAOYSA-N","Completed","Organic compounds","Organic acids and derivatives","Keto acids and derivatives","Short-chain keto acids and derivatives","Short-chain keto acids and derivatives"
"JFCQEDHGNNZCLN-UHFFFAOYSA-N","Completed","Organic compounds","Organic acids and derivatives","Carboxylic acids and derivatives","Dicarboxylic acids and derivatives","Dicarboxylic acids and derivatives"
"AHLPHDHHMVZTML-BYPYZUCNSA-N","Completed","Organic compounds","Organic acids and derivatives","Carboxylic acids and derivatives","Amino acids, peptides, and analogues","Amino acids and derivatives","Alpha amino acids and derivatives","Alpha amino acids","L-alpha-amino acids"
"BJEPYKJPYRNKOW-REOHCLBHSA-N","Completed","Organic compounds","Organic acids and derivatives","Hydroxy acids and derivatives","Beta hydroxy acids and derivatives","Beta hydroxy acids and derivatives"
"ASJSAQIRZKANQN-CRCLSJGQSA-N","Completed","Organic compounds","Organic oxygen compounds","Organooxygen compounds","Carbonyl compounds","Aldehydes","Beta-hydroxy aldehydes"
"DZGWFCGJZKJUFP-UHFFFAOYSA-N","Completed","Organic compounds","Benzenoids","Benzene and substituted derivatives","Phenethylamines","Phenethylamines"
"YCCILVSKPBXVIP-UHFFFAOYSA-N","Completed","Organic compounds","Benzenoids","Phenols","Tyrosols and derivatives","Tyrosols"
"ZBCBWPMODOFKDW-UHFFFAOYSA-N","Completed","Organic compounds","Organic nitrogen compounds","Organonitrogen compounds","Amines","Alkanolamines","1,2-aminoalcohols"
"UZTFMUBKZQVKLK-UHFFFAOYSA-N","Completed","Organic compounds","Organic acids and derivatives","Carboxylic acids and derivatives","Amino acids, peptides, and analogues","Amino acids and derivatives","Gamma amino acids and derivatives"
"KPGXRSRHYNQIFN-UHFFFAOYSA-N","Completed","Organic compounds","Organic acids and derivatives","Keto acids and derivatives","Gamma-keto acids and derivatives","Gamma-keto acids and derivatives"
"PKVVTUWHANFMQC-UHFFFAOYSA-N","Completed","Organic compounds","Organic acids and derivatives","Keto acids and derivatives","Short-chain keto acids and derivatives","Short-chain keto acids and derivatives"
"ZDXPYRJPNDTMRX-VKHMYHEASA-N","Completed","Organic compounds","Organic acids and derivatives","Carboxylic acids and derivatives","Amino acids, peptides, and analogues","Amino acids and derivatives","Alpha amino acids and derivatives","Alpha amino acids","L-alpha-amino acids"
"YEGAKLYOVHUQIJ-WHFBIAKZSA-N","Completed","Organic compounds","Organic acids and derivatives","Carboxylic acids and derivatives","Amino acids, peptides, and analogues","Amino acids and derivatives","Alpha amino acids and derivatives","Isoleucine and derivatives"
"UQIGQRSJIKIPKZ-GSVOUGTGSA-M","Failed","","","","",""
"KJTLQQUUPVSXIM-ZCFIWIBFSA-M","Completed","Organic compounds","Lipids and lipid-like molecules","Fatty Acyls","Fatty acids and conjugates","Hydroxy fatty acids"
"SRBFZHDQGSBBOR-SOOFDHNKSA-N","Completed","Organic compounds","Organic oxygen compounds","Organooxygen compounds","Carbohydrates and carbohydrate conjugates","Monosaccharides","Pentoses"
"XQXPVVBIMDBYFF-UHFFFAOYSA-N","Completed","Organic compounds","Benzenoids","Phenols","1-hydroxy-2-unsubstituted benzenoids","1-hydroxy-2-unsubstituted benzenoids"
"PXQPEWDEAKTCGB-UHFFFAOYSA-M","Completed","Organic compounds","Organoheterocyclic compounds","Diazines","Pyrimidines and pyrimidine derivatives","Pyrimidinecarboxylic acids and derivatives","Pyrimidinecarboxylic acids"
"SOXXPQLIZIPMIZ-UPHRSURJSA-N","Completed","Organic compounds","Organic acids and derivatives","Keto acids and derivatives","Medium-chain keto acids and derivatives","Medium-chain keto acids and derivatives"
"JTJIXCMSHWPJJE-UHFFFAOYSA-N","Completed","Organic compounds","Organic acids and derivatives","Organic sulfonic acids and derivatives","Organosulfonic acids and derivatives","Organosulfonic acids"
"WLJVNTCWHIRURA-UHFFFAOYSA-N","Completed","Organic compounds","Lipids and lipid-like molecules","Fatty Acyls","Fatty acids and conjugates","Medium-chain fatty acids"
"KSAIICDEQGEQBK-VKHMYHEASA-N","Completed","Organic compounds","Lipids and lipid-like molecules","Fatty Acyls","Fatty acids and conjugates","Hydroxy fatty acids"
"SHZGCJCMOBCMKK-JFNONXLTSA-N","Completed","Organic compounds","Organic oxygen compounds","Organooxygen compounds","Carbohydrates and carbohydrate conjugates","Monosaccharides","Hexoses"
"CJBDUOMQLFKVQC-UHFFFAOYSA-N","Completed","Organic compounds","Phenylpropanoids and polyketides","Phenylpropanoic acids","","Phenylpropanoic acids"
"LEHOTFFKMJEONL-UHFFFAOYSA-N","Completed","Organic compounds","Organoheterocyclic compounds","Imidazopyrimidines","Purines and purine derivatives","Xanthines"
"HMCYXRFNNOPPPR-UHFFFAOYSA-N","Completed","Organic compounds","Lipids and lipid-like molecules","Prenol lipids","Monoterpenoids","Monocyclic monoterpenoids"
"UWOCFOFVIBZJGH-YFKPBYRVSA-L","Completed","Organic compounds","Organic acids and derivatives","Carboxylic acids and derivatives","Amino acids, peptides, and analogues","Amino acids and derivatives","Alpha amino acids and derivatives"
"GTZCVFVGUGFEME-IWQZZHSRSA-N","Completed","Organic compounds","Organic acids and derivatives","Carboxylic acids and derivatives","Tricarboxylic acids and derivatives","Tricarboxylic acids and derivatives"
"JXOHGGNKMLTUBP-HSUXUTPPSA-N","Completed","Organic compounds","Organic oxygen compounds","Organooxygen compounds","Alcohols and polyols","Cyclic alcohols and derivatives","Cyclitols and derivatives","Shikimic acids and derivatves"
"OTCCIMWXFLJLIA-BYPYZUCNSA-N","Completed","Organic compounds","Organic acids and derivatives","Carboxylic acids and derivatives","Amino acids, peptides, and analogues","Amino acids and derivatives","Alpha amino acids and derivatives","Aspartic acid and derivatives"
"CIWBSHSKHKDKBQ-JLAZNSOCSA-N","Completed","Organic compounds","Organoheterocyclic compounds","Dihydrofurans","Furanones","Butenolides"
"LOLHYFQEDPGSHZ-AKGZTFGVSA-N","Completed","Organic compounds","Organic acids and derivatives","Hydroxy acids and derivatives","Medium-chain hydroxy acids and derivatives","Medium-chain hydroxy acids and derivatives"
"BACDCBUEYBFLFV-JGVFFNPUSA-N","Completed","Organic compounds","Organic oxygen compounds","Organooxygen compounds","Alcohols and polyols","Polyols","1,2-diols"
"PHOQVHQSTUBQQK-SQOUGZDYSA-N","Completed","Organic compounds","Organic oxygen compounds","Organooxygen compounds","Carbohydrates and carbohydrate conjugates","Monosaccharides","Hexoses","Gluconolactones"
"JTWNWNJMNSJYDL-UHFFFAOYSA-N","Completed","Organic compounds","Organoheterocyclic compounds","Pyridines and derivatives","Pyridinecarboxylic acids and derivatives","Pyridinecarboxylic acids"
"JVGVDSSUAVXRDY-UHFFFAOYSA-M","Completed","Organic compounds","Phenylpropanoids and polyketides","Phenylpropanoic acids","","Phenylpropanoic acids"
"PFGBAVLSGZLAAY-JYPFKNLRSA-N","Completed","Organic compounds","Lipids and lipid-like molecules","Prenol lipids","Monoterpenoids","Monocyclic monoterpenoids"
"LPISVKQODWVLPO-UHFFFAOYSA-N","Completed","Organic compounds","Benzenoids","Phenols","1-hydroxy-2-unsubstituted benzenoids","1-hydroxy-2-unsubstituted benzenoids"
"HXACOUQIXZGNBF-UHFFFAOYSA-N","Completed","Organic compounds","Organoheterocyclic compounds","Pyridines and derivatives","Pyridinecarboxylic acids and derivatives","Pyridinecarboxylic acids"
"ZPBYVFQJHWLTFB-UHFFFAOYSA-N","Completed","Organic compounds","Organoheterocyclic compounds","Imidazopyrimidines","Purines and purine derivatives","Purines and purine derivatives"
"CPBSBMPDIRRVGP-HYXAFXHYSA-L","Completed","Organic compounds","Lipids and lipid-like molecules","Fatty Acyls","Fatty acids and conjugates","Branched fatty acids"
"NGCXIFFZXAZRAF-UHFFFAOYSA-M","Completed","Organic compounds","Organic acids and derivatives","Keto acids and derivatives","Medium-chain keto acids and derivatives","Medium-chain keto acids and derivatives"
"SJJCQDRGABAVBB-UHFFFAOYSA-N","Completed","Organic compounds","Benzenoids","Naphthalenes","Naphthalenecarboxylic acids and derivatives","Naphthalenecarboxylic acids"
"ADVPTQAUNPRNPO-REOHCLBHSA-N","Completed","Organic compounds","Organic acids and derivatives","Carboxylic acids and derivatives","Amino acids, peptides, and analogues","Amino acids and derivatives","Alpha amino acids and derivatives","Alpha amino acids","L-alpha-amino acids"
"KRKNYBCHXYNGOX-UHFFFAOYSA-K","Completed","Organic compounds","Organic acids and derivatives","Carboxylic acids and derivatives","Tricarboxylic acids and derivatives","Tricarboxylic acids and derivatives"
"AAWZDTNXLSGCEK-LNVDRNJUSA-N","Completed","Organic compounds","Organic oxygen compounds","Organooxygen compounds","Alcohols and polyols","Cyclic alcohols and derivatives","Cyclitols and derivatives","Quinic acids and derivatives"
"AEMOLEFTQBMNLQ-AQKNRBDQSA-N","Completed","Organic compounds","Organic oxygen compounds","Organooxygen compounds","Carbohydrates and carbohydrate conjugates","Sugar acids and derivatives","Glucuronic acid derivatives"
"KSEBMYQBYZTDHS-HWKANZROSA-N","Completed","Organic compounds","Phenylpropanoids and polyketides","Cinnamic acids and derivatives","Hydroxycinnamic acids and derivatives","Hydroxycinnamic acids"
"POQOTWQIYYNXAT-UHFFFAOYSA-N","Completed","Organic compounds","Organic nitrogen compounds","Organonitrogen compounds","N-arylamides","N-acetylarylamines"
"UJOBWOGCFQCDNV-UHFFFAOYSA-N","Completed","Organic compounds","Organoheterocyclic compounds","Indoles and derivatives","Carbazoles","Carbazoles"
"XVOYSCVBGLVSOL-REOHCLBHSA-N","Completed","Organic compounds","Organic acids and derivatives","Carboxylic acids and derivatives","Amino acids, peptides, and analogues","Amino acids and derivatives","Alpha amino acids and derivatives","Alpha amino acids","L-alpha-amino acids"
"AGBQKNBQESQNJD-UHFFFAOYSA-N","Completed","Organic compounds","Organoheterocyclic compounds","Dithiolanes","Lipoic acids and derivatives","Lipoic acids and derivatives"
"WCJYZUFKKTYNLB-ARITWGJRSA-N","Completed","Organic compounds","Organic acids and derivatives","Keto acids and derivatives","Medium-chain keto acids and derivatives","Medium-chain keto acids and derivatives"
"INMKWUNQKOWGEZ-VQHVLOKHSA-N","Completed","Organic compounds","Lipids and lipid-like molecules","Fatty Acyls","Fatty acids and conjugates","Medium-chain fatty acids"
"REPDFJGEZLAWCC-RITPCOANSA-N","Completed","Organic compounds","Organohalogen compounds","Halohydrins","Chlorohydrins","Chlorohydrins"
"HGVJFBSSLICXEM-UHNVWZDZSA-N","Completed","Organic compounds","Organic oxygen compounds","Organooxygen compounds","Carbohydrates and carbohydrate conjugates","Sugar alcohols"
"QDFGCLSCEPNVQP-VPLCAKHXSA-N","Completed","Organic compounds","Organic acids and derivatives","Carboxylic acids and derivatives","Amino acids, peptides, and analogues","Amino acids and derivatives","Delta amino acids and derivatives"
"ILRYLPWNYFXEMH-UHFFFAOYSA-N","Completed","Organic compounds","Organic acids and derivatives","Carboxylic acids and derivatives","Amino acids, peptides, and analogues","Amino acids and derivatives","Alpha amino acids and derivatives","Cysteine and derivatives"
"LLAWHKBFIBTIBH-UHFFFAOYSA-N","Completed","Organic compounds","Organoheterocyclic compounds","Quinolines and derivatives","Quinoline carboxylic acids","Quinoline carboxylic acids"
"UFSCUAXLTRFIDC-UHFFFAOYSA-N","Completed","Organic compounds","Organic acids and derivatives","Carboxylic acids and derivatives","Tricarboxylic acids and derivatives","Tricarboxylic acids and derivatives"
"OKZYCXHTTZZYSK-ZCFIWIBFSA-N","Completed","Organic compounds","Organic acids and derivatives","Organic phosphoric acids and derivatives","Phosphate esters","Alkyl phosphates","Monoalkyl phosphates"
"MXHRCPNRJAMMIM-SHYZEUOFSA-N","Completed","Organic compounds","Nucleosides, nucleotides, and analogues","Pyrimidine nucleosides","Pyrimidine 2'-deoxyribonucleosides","Pyrimidine 2'-deoxyribonucleosides"
"FVNCCTJGBOTWTM-UHFFFAOYSA-N","Completed","Organic compounds","Organoheterocyclic compounds","Diazanaphthalenes","Benzodiazines","Quinoxalines"
"UMLOUOBDBGOHHR-UHFFFAOYSA-N","Completed","Organic compounds","Organic oxygen compounds","Organooxygen compounds","Carbonyl compounds","Ketones","Aryl ketones","Aryl alkyl ketones"
"RVHKMLVNOXVQRH-LURJTMIESA-N","Completed","Organic compounds","Organic acids and derivatives","Carboxylic acids and derivatives","Amino acids, peptides, and analogues","Amino acids and derivatives","Alpha amino acids and derivatives","N-acyl-alpha amino acids and derivatives","N-acyl-alpha amino acids","N-acyl-L-alpha-amino acids"
"QJYRAJSESKVEAE-PSASIEDQSA-N","Completed","Organic compounds","Organic acids and derivatives","Keto acids and derivatives","Gamma-keto acids and derivatives","Gamma-keto acids and derivatives"
"YILAUJBAPQXZGM-UHFFFAOYSA-K","Completed","Organic compounds","Organic acids and derivatives","Carboxylic acids and derivatives","Tricarboxylic acids and derivatives","Tricarboxylic acids and derivatives"
"WKFUDLTXRQQGHB-UHFFFAOYSA-N","Completed","Organic compounds","Lipids and lipid-like molecules","Prenol lipids","Quinone and hydroquinone lipids","Prenylated hydroquinones"
"CVKDTTCYQAJIAC-UHFFFAOYSA-N","Completed","Organic compounds","Organoheterocyclic compounds","Benzazepines","Dibenzazepines","Dibenzazepines"
"DRTQHJPVMGBUCF-XVFCMESISA-N","Completed","Organic compounds","Nucleosides, nucleotides, and analogues","Pyrimidine nucleosides","","Pyrimidine nucleosides"
"DVCCCQNKIYNAKB-UHFFFAOYSA-N","Completed","Organic compounds","Organoheterocyclic compounds","Diazanaphthalenes","Benzodiazines","Quinoxalines"
"ZCZXOHUILRHRQJ-PWNYCUMCSA-N","Completed","Organic compounds","Organic oxygen compounds","Organooxygen compounds","Carbohydrates and carbohydrate conjugates","Monosaccharides","Monosaccharide phosphates"
"BHXUWJPOOLFBAP-DJWKRKHSSA-L","Completed","Organic compounds","Lipids and lipid-like molecules","Fatty Acyls","Fatty acids and conjugates","Hydroxy fatty acids"
"VTXNIAJKDLEHGX-UHFFFAOYSA-N","Completed","Organic compounds","Lipids and lipid-like molecules","Glycerolipids","","Glycerolipids"
"GNISQJGXJIDKDJ-YFKPBYRVSA-N","Completed","Organic compounds","Organic acids and derivatives","Carboxylic acids and derivatives","Amino acids, peptides, and analogues","Amino acids and derivatives","Alpha amino acids and derivatives","Alpha amino acids","L-alpha-amino acids"
"ARSRBNBHOADGJU-UHFFFAOYSA-N","Completed","Organic compounds","Benzenoids","Phenanthrenes and derivatives","","Phenanthrenes and derivatives"
"LKDRXBCSQODPBY-VRPWFDPXSA-N","Completed","Organic compounds","Organic oxygen compounds","Organooxygen compounds","Carbohydrates and carbohydrate conjugates","Monosaccharides"
"MKUXAQIIEYXACX-UHFFFAOYSA-N","Completed","Organic compounds","Organoheterocyclic compounds","Imidazopyrimidines","Purines and purine derivatives","Purinones","Hypoxanthines"
"GONNJNYLBPEEPH-UHFFFAOYSA-N","Completed","Organic compounds","Organoheterocyclic compounds","Benzazepines","Dibenzazepines","Dibenzazepines"
"UGQMRVRMYYASKQ-KQYNXXCUSA-N","Completed","Organic compounds","Nucleosides, nucleotides, and analogues","Purine nucleosides","","Purine nucleosides"
"BJRNKVDFDLYUGJ-RMPHRYRLSA-N","Completed","Organic compounds","Organic oxygen compounds","Organooxygen compounds","Carbohydrates and carbohydrate conjugates","Glycosyl compounds","Phenolic glycosides"
"UGAGPNKCDRTDHP-UHFFFAOYSA-M","Completed","Organic compounds","Lipids and lipid-like molecules","Fatty Acyls","Fatty acids and conjugates","Long-chain fatty acids"
"WBJZXBUVECZHCE-UHFFFAOYSA-N","Completed","Organic compounds","Organoheterocyclic compounds","Pteridines and derivatives","Pterins and derivatives","Pterins and derivatives"
"KYQCXUMVJGMDNG-SHUUEZRQSA-N","Completed","Organic compounds","Organic oxygen compounds","Organooxygen compounds","Carbohydrates and carbohydrate conjugates","Sugar acids and derivatives"
"DCVWQAGUQFBCTF-UHFFFAOYSA-N","Completed","Organic compounds","Organoheterocyclic compounds","Pyridines and derivatives","Phenylpyridines","Phenylpyridines"
"JHPCFHVVWPKZJP-UHFFFAOYSA-N","Completed","Organic compounds","Organoheterocyclic compounds","Naphthopyrans","","Naphthopyrans"
"OVPSYMLYTZOTQE-UHFFFAOYSA-N","Completed","Organic compounds","Organoheterocyclic compounds","Pyridines and derivatives","Phenylpyridines","Phenylpyridines"
"OLXZPDWKRNYJJZ-RRKCRQDMSA-N","Completed","Organic compounds","Nucleosides, nucleotides, and analogues","Purine nucleosides","Purine 2'-deoxyribonucleosides","Purine 2'-deoxyribonucleosides"
"LSTOUSIIVKMJBU-UHFFFAOYSA-N","Completed","Organic compounds","Organic oxygen compounds","Organooxygen compounds","Carbonyl compounds","Ketones","Aryl ketones","Phenylketones","Alkyl-phenylketones"
"FSVMLWOLZHGCQX-SOUVJXGZSA-N","Completed","Organic compounds","Phenylpropanoids and polyketides","Flavonoids","Flavans","Leucoanthocyanidins"
"JLEBZPBDRKPWTD-TURQNECASA-O","Completed","Organic compounds","Organic oxygen compounds","Organooxygen compounds","Carbohydrates and carbohydrate conjugates","Glycosyl compounds","Glycosylamines"
"SUHOQUVVVLNYQR-MRVPVSSYSA-N","Completed","Organic compounds","Lipids and lipid-like molecules","Glycerophospholipids","Glycerophosphocholines","Glycerophosphocholines"
"REFJWTPEDVJJIY-UHFFFAOYSA-N","Completed","Organic compounds","Phenylpropanoids and polyketides","Flavonoids","Flavones","Flavonols"
"PRGQOPPDPVELEG-UHFFFAOYSA-N","Completed","Organic compounds","Organoheterocyclic compounds","Benzazepines","Dibenzazepines","Dibenzazepines"
"SQVRNKJHWKZAKO-LUWBGTNYSA-N","Completed","Organic compounds","Organic oxygen compounds","Organooxygen compounds","Carbohydrates and carbohydrate conjugates","Sugar acids and derivatives","Sugar amino acids and derivatives","Pyranoid amino acids and derivatives","Neuraminic acids and derivatives","N-acylneuraminic acids and derivatives","N-acylneuraminic acids"
"JZRYQZJSTWVBBD-UHFFFAOYSA-N","Completed","Organic compounds","Organoheterocyclic compounds","Tetrapyrroles and derivatives","Porphyrins","Porphyrins"
"VDXLUNDMVKSKHO-XVFCMESISA-N","Completed","Organic compounds","Nucleosides, nucleotides, and analogues","Glycinamide ribonucleotides","","Glycinamide ribonucleotides"
"XEBKSQSGNGRGDW-YFHOEESVSA-N","Completed","Organic compounds","Lipids and lipid-like molecules","Fatty Acyls","Fatty acids and conjugates","Long-chain fatty acids"
"BBVFHYCHEWCGBH-ZQIUZPCESA-N","Completed","Organic compounds","Organoheterocyclic compounds","Quinolizidines","","Quinolizidines"
"GYOZYWVXFNDGLU-XLPZGREQSA-N","Completed","Organic compounds","Nucleosides, nucleotides, and analogues","Pyrimidine nucleotides","Pyrimidine deoxyribonucleotides","Pyrimidine deoxyribonucleoside monophosphates","Pyrimidine 2'-deoxyribonucleoside monophosphates"
"NGFMICBWJRZIBI-UJPOAAIJSA-N","Completed","Organic compounds","Organic oxygen compounds","Organooxygen compounds","Carbohydrates and carbohydrate conjugates","Glycosyl compounds","Phenolic glycosides"
"SWINWPBPEKHUOD-JPVZDGGYSA-N","Completed","Organic compounds","Lipids and lipid-like molecules","Steroids and steroid derivatives","Estrane steroids","Estrogens and derivatives"
"YZIIKMBFHLJAFT-ICSRJNTNSA-N","Completed","Organic compounds","Benzenoids","Phenanthrenes and derivatives","Phenanthrols","Phenanthrols"
"MDIUMSLCYIJBQC-MVFSOIOZSA-N","Completed","Organic compounds","Lipids and lipid-like molecules","Fatty Acyls","Fatty acids and conjugates","Long-chain fatty acids"
"RKUKMUWCRLRPEJ-UHFFFAOYSA-N","Completed","Organic compounds","Benzenoids","Benzene and substituted derivatives","Phenylbutylamines","Phenylbutylamines"
"CIUHLXZTZWTVFL-UHFFFAOYSA-N","Completed","Organic compounds","Alkaloids and derivatives","Benzophenanthridine alkaloids","Dihydrobenzophenanthridine alkaloids","Dihydrobenzophenanthridine alkaloids"
"CUKZGOBWGGOLIQ-QRDRGOPVSA-N","Completed","Organic compounds","Organic oxygen compounds","Organooxygen compounds","Carbohydrates and carbohydrate conjugates","Glycosyl compounds","C-glycosyl compounds"
"WTQYWNWRJNXDEG-KHXRNHLQSA-N","Completed","Organic compounds","Alkaloids and derivatives","Tropane alkaloids","","Tropane alkaloids"
"YKPUWZUDDOIDPM-SOFGYWHQSA-N","Completed","Organic compounds","Benzenoids","Phenols","Methoxyphenols","Methoxyphenols"
"JSRLJPSBLDHEIO-SHYZEUOFSA-N","Completed","Organic compounds","Nucleosides, nucleotides, and analogues","Pyrimidine nucleotides","Pyrimidine deoxyribonucleotides","Pyrimidine deoxyribonucleoside monophosphates","Pyrimidine 2'-deoxyribonucleoside monophosphates"
"LLVVMXFNKAHVEZ-KMBKDFKYSA-N","Completed","Organic compounds","Organic oxygen compounds","Organooxygen compounds","Carbohydrates and carbohydrate conjugates","Sugar acids and derivatives","Glucuronic acid derivatives"
"DJJCXFVJDGTHFX-XVFCMESISA-N","Completed","Organic compounds","Nucleosides, nucleotides, and analogues","Pyrimidine nucleotides","Pyrimidine ribonucleotides","Pyrimidine ribonucleoside monophosphates"
"DOUMFZQKYFQNTF-GIZXNFQBSA-N","Completed","Organic compounds","Phenylpropanoids and polyketides","Cinnamic acids and derivatives","Hydroxycinnamic acids and derivatives","Coumaric acids and derivatives"
"OYTRJEKRRFSKHF-IIPHORNXSA-N","Completed","Organic compounds","Organic oxygen compounds","Organooxygen compounds","Carbohydrates and carbohydrate conjugates","Glycosyl compounds","Thioglycosides"
"ZALYXKJOOUDZCC-UHFFFAOYSA-O","Completed","Organic compounds","Organoheterocyclic compounds","Isoquinolines and derivatives","Benzylisoquinolines","Benzylisoquinolines"
"XBAMJZTXGWPTRM-NTXHKPOFSA-N","Completed","Organic compounds","Lipids and lipid-like molecules","Prenol lipids","Terpene glycosides","Terpene glycosides"
"FFPUNPBUZDTHJI-XPOJVAQCSA-N","Completed","Organic compounds","Lipids and lipid-like molecules","Steroids and steroid derivatives","Hydroxysteroids","21-hydroxysteroids"
"IGSYEZFZPOZFNC-LKIWRGPLSA-N","Completed","Organic compounds","Organic oxygen compounds","Organooxygen compounds","Carbohydrates and carbohydrate conjugates","Sugar acids and derivatives","Glucuronic acid derivatives","Glucuronides","O-glucuronides"
"NOTGFIUVDGNKRI-UUOKFMHZSA-N","Completed","Organic compounds","Nucleosides, nucleotides, and analogues","Imidazole ribonucleosides and ribonucleotides","1-ribosyl-imidazolecarboxamides","1-ribosyl-imidazolecarboxamides"
"GRSZFWQUAKGDAV-KQYNXXCUSA-N","Completed","Organic compounds","Nucleosides, nucleotides, and analogues","Purine nucleotides","Purine ribonucleotides","Purine ribonucleoside monophosphates"
"XSQLDUBMTHWWOR-UHFFFAOYSA-N","Completed","Organic compounds","Phenylpropanoids and polyketides","Coumarins and derivatives","","Coumarins and derivatives"
"ZJUKTBDSGOFHSH-WFMPWKQPSA-N","Completed","Organic compounds","Nucleosides, nucleotides, and analogues","5'-deoxyribonucleosides","5'-deoxy-5'-thionucleosides","5'-deoxy-5'-thionucleosides"
"BXTHVTLKWJZGAA-ODYMNIRHSA-N","Completed","Organic compounds","Alkaloids and derivatives","Yohimbine alkaloids","","Yohimbine alkaloids"
"CUHFIPBCFIPFJM-JXSBNBLESA-O","Not Found","","","","",""
"SYGWGHVTLUBCEM-ZIZPXRJBSA-N","Completed","Organic compounds","Lipids and lipid-like molecules","Steroids and steroid derivatives","Hydroxysteroids","21-hydroxysteroids"
"BAQMYDQNMFBZNA-MNXVOIDGSA-N","Completed","Organic compounds","Organoheterocyclic compounds","Biotin and derivatives","","Biotin and derivatives"
"BNRXZEPOHPEEAS-FXQIFTODSA-N","Completed","Organic compounds","Organic acids and derivatives","Carboxylic acids and derivatives","Amino acids, peptides, and analogues","Peptides","Oligopeptides"
"CNWPIIOQKZNXBB-VCVMUKOKSA-N","Completed","Organic compounds","Lipids and lipid-like molecules","Steroids and steroid derivatives","Bile acids, alcohols and derivatives","Hydroxy bile acids, alcohols and derivatives","Trihydroxy bile acids, alcohols and derivatives"
"OVBPIULPVIDEAO-LBPRGKRZSA-N","Completed","Organic compounds","Organic acids and derivatives","Carboxylic acids and derivatives","Amino acids, peptides, and analogues","Amino acids and derivatives","Alpha amino acids and derivatives","Glutamic acid and derivatives"
"FQYGGFDZJFIDPU-JRSYHJKYSA-N","Completed","Organic compounds","Lipids and lipid-like molecules","Steroids and steroid derivatives","Steroidal glycosides","Steroidal glycosides"
"FYYHWMGAXLPEAU-UHFFFAOYSA-N","Completed","Inorganic compounds","Homogeneous metal compounds","Homogeneous alkaline earth metal compounds","","Homogeneous alkaline earth metal compounds"
"CDAISMWEOUEBRE-UHFFFAOYSA-N","Completed","Organic compounds","Organic oxygen compounds","Organooxygen compounds","Alcohols and polyols","Secondary alcohols","Cyclohexanols"
"BPYKTIZUTYGOLE-IFADSCNNSA-N","Completed","Organic compounds","Organoheterocyclic compounds","Tetrapyrroles and derivatives","Bilirubins","Bilirubins"
"LPMXVESGRSUGHW-HBYQJFLCSA-N","Completed","Organic compounds","Lipids and lipid-like molecules","Steroids and steroid derivatives","Steroid lactones","Cardenolides and derivatives","Cardenolide glycosides and derivatives"
"AIJULSRZWUXGPQ-UHFFFAOYSA-N","Completed","Organic compounds","Organic oxygen compounds","Organooxygen compounds","Carbonyl compounds","Aldehydes","Alpha ketoaldehydes"
"XBDQKXXYIPTUBI-UHFFFAOYSA-M","Completed","Organic compounds","Organic acids and derivatives","Carboxylic acids and derivatives","Carboxylic acids","Carboxylic acids"